article	id_wikidata	linguistic_versions
Italia	Q38	168
Leonardo da Vinci	Q762	132
Stati Uniti d'America	Q30	167
Dante Alighieri	Q1067	111
Afghanistan	Q889	149
Unione europea	Q458	132
Seconda guerra mondiale	Q362	133
Prima guerra mondiale	Q361	130
Benito Mussolini	Q23559	103
Regno Unito	Q145	157
San Marino	Q238	144
Israele	Q801	149
Adolf Hitler	Q352	133
Napoleone Bonaparte	Q517	123
Attentati dell'11 settembre 2001	Q10806	100
Francia	Q142	163
Costituzione della Repubblica Italiana	Q719967	29
Luigi XIV di Francia	Q7742	96
Germania	Q183	163
Fabrizio De André	Q25106	32
Gabriele D'Annunzio	Q193236	62
Elisabetta I d'Inghilterra	Q7207	101
Russia	Q159	168
Tavola periodica degli elementi	Q10693	131
Cina	Q148	164
Europa	Q46	158
Giappone	Q17	167
Svizzera	Q39	154
Gaio Giulio Cesare	Q1048	133
Enrico VIII d'Inghilterra	Q38370	83
Spagna	Q29	163
Divina Commedia	Q40185	75
Primo Levi	Q153670	55
Giacomo Leopardi	Q172599	56
Augusto	Q1405	122
Organizzazione delle Nazioni Unite	Q1065	162
Guerra del Vietnam	Q8740	100
Sicilia	Q1460	102
Australia	Q408	161
Olocausto	Q2763	105
Pier Paolo Pasolini	Q25120	62
Massacri delle foibe	Q1294142	16
India	Q668	163
Il Canto degli Italiani	Q187	58
Regioni d'Italia	Q21235336	4
Galileo Galilei	Q307	118
Wikipedia	Q52	161
Canada	Q16	163
Alessandro Magno	Q8409	119
Sardegna	Q1462	101
Lombardia	Q1210	88
Paesi Bassi	Q55	155
Regno d'Italia (1861-1946)	Q172579	70
Mahatma Gandhi	Q1001	123
Stato di Palestina	Q219060	101
Federico II di Svevia	Q130221	62
L'infinito	Q3204179	7
Fascismo	Q6223	99
Papa Giovanni Paolo II	Q989	95
Carlo Magno	Q3044	100
Impero romano	Q2277	116
Michelangelo Buonarroti	Q5592	124
Comunismo	Q6186	112
Turchia	Q43	169
Brasile	Q155	159
Vincent van Gogh	Q5582	123
Belgio	Q31	154
Malta	Q233	147
Bandiera d'Italia	Q42876	69
Vittorio Emanuele III di Savoia	Q150642	58
William Shakespeare	Q692	126
Luigi Pirandello	Q1403	77
Rivoluzione francese	Q6534	107
Pantheon (Roma)	Q99309	61
Alessandro Manzoni	Q1064	56
Sigmund Freud	Q9215	116
Svezia	Q34	156
Senato della Repubblica	Q633872	35
Irlanda	Q27	147
Popolazione mondiale	Q11188	66
Cristoforo Colombo	Q7322	120
Sistema solare	Q544	133
Veneto	Q1243	84
Conflitto arabo-israeliano	Q8669	78
John Fitzgerald Kennedy	Q9696	116
Partito Comunista Italiano	Q461886	36
Danimarca	Q35	156
Muro di Berlino	Q5086	97
Umberto II di Savoia	Q187149	53
Islanda	Q189	155
Presidente del Consiglio dei ministri della Repubblica Italiana	Q796897	45
Norvegia	Q20	165
Romania	Q218	149
Giuseppe Ungaretti	Q311802	37
Rinascimento	Q4692	103
Strage di Capaci	Q3975713	7
Corea del Nord	Q423	142
Iosif Stalin	Q855	119
I promessi sposi	Q28491	25
Lorenzo de' Medici	Q177854	60
Peste nera	Q42005	85
Città del Vaticano	Q237	147
Francesco Petrarca	Q1401	79
Ucraina	Q212	157
Emilia-Romagna	Q1263	85
Sudafrica	Q258	160
Albania	Q222	156
Stati del mondo	Q11750	134
Rivoluzione industriale	Q2269	98
Eugenio Montale	Q83174	68
Friuli-Venezia Giulia	Q1250	81
Caravaggio	Q42207	80
Campania	Q1438	84
Trentino-Alto Adige	Q1237	84
Puglia	Q1447	87
Toscana	Q1273	89
Calabria	Q1458	92
Polonia	Q36	164
Nuova Zelanda	Q664	151
Grecia	Q41	156
Pablo Picasso	Q5593	119
Camera dei deputati (Italia)	Q841424	31
Friedrich Nietzsche	Q9358	106
Antonio Gramsci	Q83003	72
Homo sapiens	Q15978631	43
Austria	Q40	154
Giovanni Pascoli	Q375998	26
Principato di Monaco	Q235	145
Portogallo	Q45	155
Bombardamenti atomici di Hiroshima e Nagasaki	Q488	74
Guerra fredda	Q8683	109
Piemonte	Q1216	89
Sacro Romano Impero	Q12548	100
Parlamento italiano	Q1117578	36
Germania nazista	Q7318	100
Pakistan	Q843	148
Lazio	Q1282	90
Africa	Q15	164
Partiti politici italiani	Q1517200	19
Moldavia	Q217	145
Repubblica Democratica del Congo	Q974	146
Ugo Foscolo	Q166234	42
Giuseppe Verdi	Q7317	98
Obiettivi di sviluppo sostenibile	Q7649586	71
Marocco	Q1028	152
Android	Q94	98
Basilicata	Q1452	83
Carlo V d'Asburgo	Q32500	74
Illuminismo	Q12539	90
Italo Calvino	Q154756	56
NATO	Q7184	116
Argentina	Q414	158
Kosovo	Q1246	122
Niccolò Machiavelli	Q1399	101
Mafia	Q18550	68
Terra	Q2	157
DNA	Q7430	111
Giordano Bruno	Q36330	85
Islam	Q432	144
Macedonia del Nord	Q221	145
Commonwealth delle nazioni	Q7785	95
Egitto	Q79	158
Maria I d'Inghilterra	Q82674	71
Corea del Sud	Q884	152
Maria Montessori	Q131117	75
Arabia Saudita	Q851	144
Messico	Q96	165
Romanticismo	Q37068	89
Patti Lateranensi	Q193270	51
Globalizzazione	Q7181	97
Karl Marx	Q9061	123
Vittorio Emanuele II di Savoia	Q168691	62
Marche	Q1279	79
Iran	Q794	155
Attacco di Pearl Harbor	Q52418	70
Abruzzo	Q1284	85
Nascita della Repubblica Italiana	Q2260521	27
Cipro	Q229	143
Molise	Q1443	79
Croazia	Q224	154
Repubbliche marinare	Q62825	28
Sole	Q525	153
P2	Q954078	25
Platone	Q859	123
Ungheria	Q28	150
Cuba	Q241	146
Impero ottomano	Q12560	112
Alda Merini	Q241087	21
Valle d'Aosta	Q1222	82
Giovanni Verga	Q271814	40
Lussemburgo	Q32	145
Luna	Q405	154
Finlandia	Q33	167
Impressionismo	Q40415	78
Raffaello Sanzio	Q5597	103
Sistema politico della Repubblica Italiana	Q669701	30
Slovenia	Q215	150
Bielorussia	Q184	153
Virus (biologia)	Q808	117
Giovanni Giolitti	Q297190	40
Socrate	Q913	115
Cristianesimo	Q5043	144
Serbia	Q403	149
I Malavoglia	Q2356529	8
Battaglia di Caporetto	Q242644	41
Umberto I di Savoia	Q153688	57
Guernica (Picasso)	Q175036	57
Apartheid	Q11409	98
Lenin	Q1394	122
Futurismo	Q131221	64
Dichiarazione universale dei diritti umani	Q7813	112
Seconda rivoluzione industriale	Q217200	42
Teorema di Pitagora	Q11518	95
Euro	Q4916	119
Ebrei	Q7325	97
Impero bizantino	Q12544	104
Etruschi	Q17161	68
Guerra civile spagnola	Q10859	83
Acqua	Q283	152
Repubblica Ceca	Q213	154
Guelfi e ghibellini	Q187742	47
Cesare Pavese	Q2022	44
Vichinghi	Q12567	102
Giovanni Boccaccio	Q1402	80
Aristotele	Q868	123
Martin Lutero	Q9554	109
Decameron	Q16438	59
Pi greco	Q167	108
Repubblica Sociale Italiana	Q153660	51
Leggi razziali fasciste	Q541880	10
Kazakistan	Q232	148
Etiopia	Q115	152
La coscienza di Zeno	Q2630581	14
Belle Époque	Q466887	45
Giosuè Carducci	Q43440	74
Ndrangheta	Q425698	38
Liguria	Q1256	85
Lituania	Q37	157
Camillo Benso, conte di Cavour	Q166092	65
Guerra dei trent'anni	Q2487	89
Repubblica di Venezia	Q4948	69
Internet	Q75	129
Guerra dei cent'anni	Q12551	85
Giacomo Matteotti	Q267304	34
Bulgaria	Q219	154
Strage di via D'Amelio	Q3975763	5
Marco Polo	Q6101	108
Antartide	Q51	137
Liechtenstein	Q347	144
Nigeria	Q1033	150
Mani pulite	Q921474	28
Risorgimento	Q51122	65
Governo della Repubblica Italiana	Q3773971	17
Giotto	Q7814	71
Antico Egitto	Q11768	107
A Zacinto	Q3602853	3
Liberalismo	Q6216	106
Resistenza italiana	Q706633	26
Il fu Mattia Pascal	Q1632269	8
Riscaldamento globale	Q7942	114
Continente	Q5107	134
Camorra	Q468804	34
Umbria	Q1280	82
RNA	Q11053	90
Stati dell'Europa	Q228197	58
Cesare Borgia	Q187998	48
Marco Aurelio	Q1430	82
Marco Tullio Cicerone	Q1541	94
Leonardo Sciascia	Q317142	32
Maometto	Q9458	130
Entropia	Q45003	76
Microsoft Windows	Q1406	107
Claude Monet	Q296	91
Giuseppe Mazzini	Q187336	59
Orlando furioso	Q48922	35
Decadentismo	Q846094	36
Reggia di Versailles	Q2946	75
Magna Carta	Q12519	75
Iraq	Q796	145
Diritti umani	Q8458	105
Indonesia	Q252	154
C++	Q2407	88
Italo Svevo	Q216478	46
Bosnia ed Erzegovina	Q225	150
Democrazia	Q7174	128
Marcia su Roma	Q468823	40
Chiesa ortodossa	Q35032	84
Se questo è un uomo	Q836036	19
Battaglia di Waterloo	Q48314	78
Nazionalsocialismo	Q7310	92
Fotosintesi clorofilliana	Q11982	106
Suffragio universale	Q319891	40
Congresso di Vienna	Q46362	72
Costituzione degli Stati Uniti d'America	Q11698	74
Costantino I	Q8413	95
Petrolio	Q22656	103
Sito web	Q35127	102
Anni di piombo	Q4850939	23
Federico Barbarossa	Q79789	69
Lucio Anneo Seneca	Q2054	77
Proclamazione del Regno d'Italia	Q3922436	4
Wiki	Q171	103
Guerra d'indipendenza americana	Q40949	81
Montenegro	Q236	139
Neoplasia	Q1216998	45
Parlamento europeo	Q8889	81
Rudolf Steiner	Q78484	56
Agostino d'Ippona	Q8018	103
Metodo scientifico	Q46857	75
Normanni	Q83418	71
Battaglia di Lepanto	Q165425	58
Asia	Q48	159
Colonialismo italiano	Q926295	43
Giochi olimpici antichi	Q188468	57
Grande depressione	Q8698	87
Proteine	Q8054	109
Inquinamento	Q58734	92
Jean-Jacques Rousseau	Q6527	104
La traviata	Q186162	53
Andorra	Q228	149
Sumeri	Q656043	23
Sviluppo sostenibile	Q131201	78
Fegato	Q9368	122
Lingua latina	Q397	136
Nichilismo	Q80968	72
Vulcano	Q8072	122
Umberto Eco	Q12807	82
Libia	Q1016	146
Filippine	Q928	146
Alfabeto italiano	Q550383	19
Arthur Schopenhauer	Q38193	85
Assemblea Costituente (Italia)	Q1053185	11
Evoluzione umana	Q83944	71
America	Q828	137
Capitalismo	Q6206	103
Rosso Malpelo	Q1618027	4
Guerre jugoslave	Q242352	49
Spedizione dei Mille	Q228284	28
Fuso orario	Q12143	117
Repubblica di Weimar	Q41304	85
Rivoluzione russa	Q8729	82
Mito della caverna	Q22738	51
Cupola del Brunelleschi	Q3699556	6
Dinosauria	Q430	113
Sistema internazionale di unità di misura	Q12457	105
Oceania	Q55643	76
Filippo II di Spagna	Q34417	71
Numero primo	Q49008	96
Algoritmo	Q8366	98
Caduta dell'Impero romano d'Occidente	Q608613	40
Crociata	Q12546	103
Commercio elettronico	Q484847	62
Perù	Q419	151
Barocco	Q37853	86
Decreto-legge	Q81329802	1
Tanto gentile e tanto onesta pare	Q3980923	2
Codice QR	Q12203	69
Archimede	Q8739	116
Genocidio armeno	Q80034	78
Pitagora	Q10261	110
Protestantesimo	Q23540	98
Cellula	Q7868	118
Coordinate geografiche	Q22664	111
Immanuel Kant	Q9312	110
Repubblica romana	Q17167	82
Slovacchia	Q214	148
Partenone	Q10288	89
Sistema di numerazione romano	Q38918	83
Gibilterra	Q1410	109
Maya	Q28567	89
Cartesio	Q9191	110
Fonti di energia rinnovabile	Q12705	88
Emigrazione italiana	Q1675084	14
Atomo	Q9121	128
Pancreas	Q9618	92
Acciaio	Q11427	98
Celti	Q35966	79
Via Lattea	Q321	118
Statuto Albertino	Q598854	14
Big Bang	Q323	107
Leggi di Keplero	Q83219	71
Sparta	Q5690	77
Armistizio di Cassibile	Q196502	27
Panta rhei	Q254982	12
PH	Q40936	82
Madagascar	Q1019	149
Homo neanderthalensis	Q40171	86
Impero tedesco	Q43287	81
Guerra del Peloponneso	Q33745	63
Art Nouveau	Q34636	71
Presa di Roma	Q2604547	23
Umanesimo	Q846933	38
Bronzi di Riace	Q205259	27
Fenici	Q1048468	35
Neoclassicismo	Q14378	62
Comune (Italia)	Q747074	45
Algeria	Q262	154
Uno, nessuno e centomila	Q3021244	5
Eukaryota	Q19088	95
Babilonia (città antica)	Q5684	90
Storia del fascismo italiano	Q747081	26
CPU	Q5300	85
Guerra in Iraq	Q545449	73
Søren Kierkegaard	Q6512	89
Tunisia	Q948	149
Consiglio superiore della magistratura	Q1054168	6
Stato	Q7275	107
Stoicismo	Q48235	77
Principio di Archimede	Q181404	67
RAM	Q5295	80
Carta	Q11472	115
Posta elettronica	Q9158	111
Concilio di Trento	Q172991	59
Energia	Q11379	118
La meglio gioventù	Q1217941	16
La zattera della Medusa	Q212616	41
Estonia	Q191	157
Penisola balcanica	Q23522	103
Riforma protestante	Q12562	92
Sistema operativo	Q9135	106
Guerra d'Etiopia	Q94916	46
Software	Q7397	99
Carbonio	Q623	128
Dadaismo	Q6034	74
Totalitarismo	Q128135	73
Paul Gauguin	Q37693	85
Pressione atmosferica	Q81809	71
Salvatore Quasimodo	Q83038	68
Il Gattopardo	Q1193736	26
Nascita di Venere	Q151047	50
Inflazione	Q35865	93
Dolce stil novo	Q542036	26
Bauhaus	Q124354	72
Carlo Goldoni	Q165534	57
Codice di Hammurabi	Q93304	65
Il cinque maggio	Q3221445	4
Dichiarazione d'indipendenza degli Stati Uniti d'America	Q127912	72
Positivismo	Q131015	68
Corte costituzionale (Italia)	Q981005	13
Esistenzialismo	Q38066	83
Polis	Q148837	59
Il sabato del villaggio	Q3795657	1
Cambiamento climatico	Q125928	77
Manierismo	Q131808	55
Regolamento generale sulla protezione dei dati	Q1172506	47
Alpi	Q1286	112
Pianura Padana	Q202207	53
Enciclopedia	Q5292	130
Ciclo di Krebs	Q133895	61
Complementi in latino	Q3685147	1
Maximilien de Robespierre	Q44197	78
Fondazione di Roma	Q1247524	38
Ultime lettere di Jacopo Ortis	Q4003208	5
Indirizzo IP	Q11135	87
Fasi lunari	Q26388	66
Patrimoni dell'umanità d'Italia	Q2091573	29
Impresa di Fiume	Q10749030	6
Italia nella prima guerra mondiale	Q3136905	9
Lettonia	Q211	148
Nilo	Q3392	124
Senegal	Q1041	141
Reno	Q584	104
Alberto Moravia	Q161933	54
Legame covalente	Q127920	78
Metro	Q11573	116
Universo	Q1	116
Gian Lorenzo Bernini	Q160538	63
Feudalesimo	Q37739	85
Regione (Italia)	Q16110	60
Regione italiana a statuto speciale	Q1710033	12
Scheletro (anatomia umana)	Q9621	68
Liberismo	Q2542563	6
Tanzania	Q924	150
Ludovico Ariosto	Q48900	53
Antonio Canova	Q5547	49
Fungi	Q764	115
Indice di sviluppo umano	Q38994	94
Somalia	Q1045	144
Adenosina trifosfato	Q80863	71
Antoni Gaudí	Q25328	84
Giustiniano I	Q41866	76
Notte dei cristalli	Q36756	63
Umberto Saba	Q451312	31
Mitosi	Q14763008	72
Vetro	Q11469	100
Meiosi	Q16424695	68
Sessantotto	Q257758	24
Voltaire	Q9068	104
Guerre puniche	Q124988	67
Emilio Salgari	Q309786	37
Informatica	Q21198	106
Scienza	Q336	138
Prima guerra d'indipendenza italiana	Q920894	32
Stella	Q523	132
Amore e Psiche (Canova)	Q517408	19
Crisi di governo	Q1968864	8
Femminismo	Q7252	102
Mole	Q41509	83
Regno di Sardegna (1720-1861)	Q2577303	11
Émile Zola	Q504	86
Georg Wilhelm Friedrich Hegel	Q9235	98
Surrealismo	Q39427	83
ASCII	Q8815	65
Ecuador	Q736	141
Elsa Morante	Q275979	39
Lipidi	Q11367	88
Razza ariana	Q718909	44
Radiazione elettromagnetica	Q12969754	89
Commissione europea	Q8880	70
Monarchia parlamentare	Q3330103	16
Tommaso d'Aquino	Q9438	103
Inquinamento atmosferico	Q131123	82
Amedeo Modigliani	Q120993	66
Corano	Q428	124
Il principe	Q131719	64
Mammalia	Q7377	128
Medio Oriente	Q7204	111
Lingue romanze	Q19814	100
Cesare Beccaria	Q223723	41
Protocollo di Kyoto	Q47359	72
Filippo Brunelleschi	Q174330	57
Filippo Tommaso Marinetti	Q216582	47
Netiquette	Q204554	41
Diritti delle donne	Q223569	67
Primo principio della termodinamica	Q179380	57
Vittorio Alfieri	Q296244	34
Edoardo VI d'Inghilterra	Q83229	70
World Wide Web	Q466	102
Derivata	Q29175	73
Piero della Francesca	Q5822	57
Stagione	Q24384	105
Mese	Q5151	130
Intelligenza artificiale	Q11660	105
La locandiera	Q1232053	12
Luigi XIII di Francia	Q737533	71
Respirazione cellulare	Q912751	57
Energia cinetica	Q46276	82
Apparato circolatorio	Q11068	90
Terremoto	Q7944	117
Verismo	Q215198	36
Ellenismo	Q428995	69
Mafia in Italia	Q19885988	1
Torquato Tasso	Q168962	54
Animalia	Q729	146
Mutazione genetica	Q42918	79
Martin Heidegger	Q48301	85
Radioattività	Q11448	89
Sistema numerico binario	Q3913	83
Stidda	Q581767	11
Unni	Q45813	77
Dino Buzzati	Q242095	43
Computer	Q68	138
Francesco Crispi	Q332626	36
Attentato di Sarajevo	Q192050	53
Appennini	Q1285	74
Consiglio dei ministri della Repubblica Italiana	Q3687318	15
Kenya	Q114	148
Corrente elettrica	Q11651	95
Il giorno della civetta	Q3794211	5
Sintesi proteica	Q211935	57
America meridionale	Q18	140
Glicolisi	Q162643	63
Viaggi di Cristoforo Colombo	Q18578423	10
Vita nuova	Q18084	27
Sudan	Q1049	147
Baruch Spinoza	Q35802	86
Il sentiero dei nidi di ragno	Q1135521	5
Calore specifico	Q487756	50
John Maynard Keynes	Q9317	98
Magna Grecia	Q184313	55
Enzima	Q8047	97
Pericle	Q80398	75
Eraclito	Q41155	75
Principi della dinamica	Q38433	89
Storia d'Italia	Q7791	55
Tastiera (informatica)	Q250	97
Viscosità	Q128709	70
Guerra italo-turca	Q203824	54
Mein Kampf	Q48244	68
Ordine alfabetico	Q10925	29
Michel Foucault	Q44272	75
Classificazione scientifica	Q11398	74
Dei sepolcri	Q51178	4
Il barone rampante	Q2450161	18
Marxismo	Q7264	98
Gerusalemme liberata	Q1053313	28
Cloud computing	Q483639	69
Caccia alle streghe	Q188494	48
Cubismo	Q42934	74
Materie plastiche	Q11474	101
Piramidi egizie	Q175582	67
Sillogismo	Q107342	55
Tettonica delle placche	Q7950	87
Civiltà micenea	Q181264	60
Espressionismo	Q80113	69
Francisco Goya	Q5432	102
Ciclo mestruale	Q83864	60
Funzione (matematica)	Q11348	89
Sistema di riferimento cartesiano	Q62912	67
Civiltà minoica	Q134178	67
Forma di governo	Q1307214	64
Manifesto del Futurismo	Q1983009	22
Equazione di Bernoulli	Q181328	60
Età regia di Roma	Q201038	61
Paradosso di Achille e la tartaruga	Q2142166	10
Pressione	Q39552	83
Servizio sanitario nazionale (Italia)	Q245992	4
Settore terziario	Q55638	42
Sistema muscolare	Q7060553	54
Cromosoma	Q37748	91
Grande Scisma	Q51648	66
La pioggia nel pineto	Q3823572	1
Impero carolingio	Q31929	53
Libertà	Q2979	74
Sacra corona unita	Q927629	16
Glucidi	Q11358	101
Numero naturale	Q21199	106
Atmosfera terrestre	Q3230	99
HTML	Q8811	98
Seconda guerra d'indipendenza italiana	Q540978	42
Terza guerra d'indipendenza italiana	Q1248722	23
Anno bisestile	Q19828	110
Apparato digerente	Q9649	96
Beatrice Portinari	Q232913	27
Costituzione	Q7755	105
Banca centrale europea	Q8901	71
Karl Popper	Q81244	73
Separazione dei poteri	Q79896	72
Andrea Mantegna	Q5681	55
Densità	Q29539	91
Consiglio europeo	Q8886	71
Repubblica	Q7270	118
Attrito	Q82580	72
Macchia mediterranea	Q667552	41
Epicuro	Q43216	77
Nazionalismo	Q6235	103
Polinesia	Q35942	91
Imprenditore	Q131524	59
Interazione gravitazionale	Q11412	111
Sacco di Roma (1527)	Q465627	33
Virgolette	Q8043	67
Dichiarazione dei diritti dell'uomo e del cittadino	Q169759	65
Impero romano d'Occidente	Q42834	70
Modello OSI	Q93312	64
Posta elettronica certificata	Q3909444	3
Aria	Q7391292	79
Membrana cellulare	Q29548	75
Numero atomico	Q23809	100
Controriforma	Q128168	62
Cuore (romanzo)	Q11336	24
Donatello	Q37562	79
Gotico	Q46825	67
Scuola siciliana	Q835520	18
Corpo umano	Q23852	77
Giuseppe Parini	Q529146	23
Papa Leone XIII	Q43922	68
Smartphone	Q22645	90
Lavoro (fisica)	Q42213	82
Anticorpo	Q79460	73
Gene	Q7187	93
Patto di Londra	Q824165	42
Terre rare	Q190444	55
Entalpia	Q161064	59
Lanzichenecchi	Q156733	37
Leggi fascistissime	Q3258694	3
Mitocondrio	Q39572	82
Massa (fisica)	Q11423	110
Rivoluzione d'ottobre	Q42976	84
Idrocarburi	Q43648	86
Crisi dei missili di Cuba	Q128160	74
Guerra in Afghanistan (2001-2021)	Q182865	62
Stato federale	Q43702	83
Comune di Parigi	Q133132	67
Organizzazione non governativa	Q79913	72
Elettrone	Q2225	109
John Locke	Q9353	99
Motore di ricerca	Q19541	57
Patto Molotov-Ribbentrop	Q130796	76
Ferdinando Magellano	Q1496	105
Saraceni	Q105763	52
Vittoria mutilata	Q3557053	8
Psicoanalisi	Q41630	79
Amazzonia	Q177567	73
Destra storica	Q2949884	8
Legame a idrogeno	Q169324	63
Numero razionale	Q1244890	89
America del Nord	Q49	140
Marc Chagall	Q93284	64
Pensiero e poetica di Giacomo Leopardi	Q3907003	1
Sistema limbico	Q192560	44
Ed è subito sera	Q3718889	1
Guerre persiane	Q76026	64
Neolitico	Q36422	90
A Silvia	Q4489699	1
Logaritmo	Q11197	83
Restaurazione	Q19960681	6
Tiziano Vecellio	Q47551	73
Economia	Q159810	81
Ziqqurat	Q170153	61
Integrale	Q80091	77
Termodinamica	Q11473	89
Vaccinazione	Q192995	74
Australopithecus	Q103237	69
Biennio rosso in Italia	Q391511	17
Blaise Pascal	Q1290	100
Leon Battista Alberti	Q182046	54
Le Corbusier	Q4724	104
Neurone	Q43054	82
Andrea Palladio	Q177692	63
Chiesa anglicana	Q82708	73
Jackson Pollock	Q37571	78
Ossi di seppia	Q3886794	2
Storia della Cina	Q82972	80
Aves	Q5113	134
Beat Generation	Q213457	49
Colonialismo	Q7167	91
Galassia	Q318	113
Chanson de Roland	Q185427	56
Comunità economica europea	Q52847	73
Sbarco in Sicilia	Q217981	44
Scapigliatura	Q1935489	11
Conteggio delle vittime della prima guerra mondiale	Q1378456	24
Marea	Q23384	81
Terremoto di Messina del 1908	Q1348910	30
Sicurezza informatica	Q3510521	57
Tommaso Moro	Q42544	81
Berberi	Q45315	79
Momento angolare	Q161254	66
Piazza San Pietro	Q83425	52
Deserto del Sahara	Q6583	117
Energia geotermica	Q127993	69
Maremoto	Q8070	104
Montagna	Q8502	128
Regno longobardo	Q854415	34
Scala Richter	Q38768	81
Consiglio dell'Unione europea	Q8896	63
Impero mongolo	Q12557	88
Miracolo economico italiano	Q492173	22
Prima crociata	Q51649	68
Sofistica	Q3750514	52
Caspar David Friedrich	Q104884	59
Diritto	Q7748	121
Potenza (fisica)	Q25342	80
Predicato nominale	Q3910094	1
Tiroide	Q16399	82
Sinapsi	Q187181	64
Nomenclatura chimica	Q6503924	33
Paul Cézanne	Q35548	80
Regime del Terrore	Q193547	54
Carlo Collodi	Q199588	59
Estetismo	Q256922	32
Istruzione in Italia	Q861581	17
Trigonometria	Q8084	99
Combustione	Q133235	73
Henri Matisse	Q5589	98
Mastro-don Gesualdo	Q669479	5
Naturalismo (letteratura)	Q55996	52
Età comunale	Q5107861	24
Lotta per le investiture	Q154764	49
Strade romane	Q194029	46
Nuvola	Q8074	120
Repubblica di Genova	Q174306	57
Thomas Hobbes	Q37621	86
Tundra	Q43262	81
Assedio di Costantinopoli (1453)	Q160077	62
Bacteria	Q10876	117
Europa orientale	Q27468	96
Resistenza elettrica	Q25358	72
Rivoluzione industriale in Inghilterra	Q3938059	1
Disco rigido	Q4439	92
Isotopo	Q25276	93
Parmenide	Q125551	69
Arte del Rinascimento	Q1133779	35
Democrazia ateniese	Q223767	45
Banca d'Italia	Q806176	29
Città	Q515	127
Ludwig Wittgenstein	Q9391	90
Stati dell'Africa	Q228201	61
Adam Smith	Q9381	110
Le città invisibili	Q1219705	17
Masaccio	Q5811	64
Pierre-Auguste Renoir	Q39931	76
Polimero	Q81163	78
Storia della Terra	Q156312	60
Villa Adriana	Q272777	43
Cattività avignonese	Q202558	51
Impero giapponese	Q188712	69
Luce	Q9128	115
Modello atomico di Bohr	Q172948	60
Piet Mondrian	Q151803	63
Architettura romanica	Q46261	53
Carta dei diritti fondamentali dell'Unione europea	Q265236	42
Caucaso	Q18869	96
Manifesto di Ventotene	Q1890411	16
Plinio il Vecchio	Q82778	71
Startup	Q129238	56
Tempo	Q11471	115
Acropoli di Atene	Q131013	66
Assolutismo monarchico	Q184558	64
Configurazione elettronica	Q53859	63
Gerarchia delle fonti	Q3760900	6
Hardware	Q3966	91
Macchina di Turing	Q163310	54
Organismo geneticamente modificato	Q182726	67
Popolazione	Q33829	98
Sinistra storica	Q2949890	6
Linux	Q388	103
Sistema nervoso simpatico	Q187215	50
Stati dell'Asia	Q715391	59
Storia della fotografia	Q355472	24
Va, pensiero	Q1352178	17
Energia potenziale	Q155640	75
Numero reale	Q12916	86
Biologia	Q420	143
Campagna di Russia	Q179250	58
Età giolittiana	Q3734048	2
Il deserto dei Tartari	Q1216707	26
Java (linguaggio di programmazione)	Q251	92
Carsismo	Q16817	65
Sangue	Q7873	129
Potenziale d'azione	Q194277	55
Primavera dei popoli	Q3588	59
Via della seta	Q36288	94
Civiltà nuragica	Q1421436	26
Geografia dell'Italia	Q216989	37
Pronome	Q36224	96
Referendum	Q43109	78
Tangente (matematica)	Q1129196	36
Tredici colonie	Q179997	64
Battaglia d'Inghilterra	Q154720	63
Crittografia	Q8789	76
Estinzione di massa del Cretaceo-Paleocene	Q55811	56
Pesce	Q152	129
Temperatura	Q11466	108
Cnosso	Q173527	59
Energia solare	Q40015	89
Forza	Q11402	108
Prodotto vettoriale	Q178192	57
Reddito pro capite	Q45918	35
Energia idroelettrica	Q80638	60
Teorema di Lagrange	Q189136	50
Terza declinazione latina	Q3984892	2
Beppe Fenoglio	Q818632	11
Édouard Manet	Q40599	75
Evoluzione	Q1063	108
Mezzo di comunicazione di massa	Q11033	89
Potere legislativo	Q11204	88
Cinque giornate di Milano	Q623164	30
Penisola iberica	Q12837	95
Pinocchio	Q6502703	49
Apparato genitale femminile	Q844342	55
Commedia dell'arte	Q191890	48
Dialogo sopra i due massimi sistemi del mondo	Q1768303	22
Organizzazione per la cooperazione e lo sviluppo economico	Q41550	79
Scheda madre	Q4321	80
Dissoluzione dell'Unione Sovietica	Q5167679	64
Reazione chimica	Q36534	93
Tratta atlantica degli schiavi africani	Q10701282	39
C (linguaggio)	Q15777	95
Ecosistema	Q37813	90
Fonte del diritto	Q846882	35
Il visconte dimezzato	Q389380	16
Metallo	Q11426	109
Talete	Q36303	88
Brigantaggio	Q915425	18
Estasi di santa Teresa d'Avila	Q1333433	33
Germani	Q22633	66
Jobs Act	Q19013759	2
Marco Porcio Catone	Q180081	55
Metabolismo	Q1057	89
Niger	Q1032	144
Primo Impero francese	Q71084	63
Giardini pensili di Babilonia	Q41931	79
Repubblica Romana (1849)	Q1072140	33
Telegrafo	Q6987428	33
Uguaglianza di genere	Q113453	63
Bill of Rights	Q219447	39
Biodiversità	Q47041	88
Gas serra	Q167336	72
Analisi logica della proposizione	Q3614989	1
Assiria	Q41137	83
Mandragola (commedia)	Q1245589	16
Prima Repubblica (Italia)	Q3921569	2
Sei personaggi in cerca d'autore	Q641651	26
Stampa a caratteri mobili	Q426853	16
Fondo Monetario Internazionale	Q7804	104
Jacques-Louis David	Q83155	70
Montesquieu	Q15975	79
Ribosoma	Q42244	79
Algebra di Boole	Q173183	60
America centrale	Q27611	101
Carlo Emilio Gadda	Q378645	26
Economia d'Italia	Q720060	37
Isole dell'Italia	Q1422116	15
La luna e i falò	Q3822884	7
Legame chimico	Q44424	85
Papa Gregorio I	Q42827	69
Polarità	Q506623	35
Rinascimento italiano	Q1404472	37
Tempio greco	Q267596	32
West	Q14947899	46
William Turner	Q159758	62
Mouse	Q7987	95
Opere di Giacomo Leopardi	Q3884075	1
Origine della vita	Q231218	59
Giovanni Pico della Mirandola	Q182128	53
Linguaggio di programmazione	Q9143	99
Primo triumvirato	Q715380	40
Artide	Q25322	96
Colazione sull'erba (Manet)	Q152509	38
Contrazione muscolare	Q127006	33
Partito Comunista dell'Unione Sovietica	Q79854	72
Quantità di moto	Q41273	83
Tomba di Tutankhamon	Q835309	35
Legame ionico	Q62500	69
Prodotto scalare	Q181365	63
Reconquista	Q79791	66
Tecnica narrativa di Giovanni Verga	Q3982439	1
Catalizzatore	Q12385831	44
Comunità europea del carbone e dell'acciaio	Q161549	61
Edgar Degas	Q46373	73
Epicureismo	Q179541	54
Fiume	Q4022	129
L'isola di Arturo (romanzo)	Q2778917	7
Myricae	Q3869127	1
Fasci italiani di combattimento	Q601211	24
Indovinello veronese	Q2641504	13
Raggi X	Q34777	93
Religione egizia	Q447131	52
Rene	Q9377	114
Settore primario	Q55640	41
Sindacato	Q178790	74
Strategia della tensione in Italia	Q2353775	2
Manifesto del Partito Comunista	Q40591	80
Ossidoriduzione	Q82682	71
Pronomi latini	Q3923913	1
Alla sera	Q3612319	1
Astrattismo	Q128115	71
Diaspora ebraica	Q1412733	37
Guerre napoleoniche	Q78994	71
Monarchia	Q7269	107
Francesco Bacone	Q37388	93
Henry Ford	Q8768	100
Jihād	Q44311	86
Legge della conservazione della massa (chimica)	Q3829752	1
Teatro greco	Q189072	45
Città metropolitana	Q48800793	2
Primavera di Praga	Q162401	62
Seconda declinazione latina	Q3953983	3
Alcoli	Q156	94
Amnesty International	Q42970	79
Dinastia giulio-claudia	Q192841	45
Impero di Alessandro Magno	Q13405524	8
Massa molecolare	Q182854	57
Unità di massa atomica	Q483261	65
Circonferenza	Q17278	108
Fermentazione	Q41760	70
Intestino	Q9639	73
Norma giuridica	Q216200	36
Patto d'Acciaio	Q161859	46
Potere esecutivo	Q35798	75
Ritratto dei coniugi Arnolfini	Q220859	39
Consiglio di sicurezza delle Nazioni Unite	Q37470	88
Este	Q677173	34
Gli indifferenti	Q3233315	5
Guerre d'Italia del XVI secolo	Q273348	44
Macchiaioli	Q574985	19
Stato della materia	Q11430	87
Distillazione	Q101017	73
Firma digitale	Q220849	50
Sistema eliocentrico	Q103983	69
Armand-Jean du Plessis de Richelieu	Q26702	66
Gottfried Wilhelm von Leibniz	Q9047	105
Comitato di Liberazione Nazionale	Q547858	14
Moti del 1820-1821	Q2289594	14
Oceano	Q9430	126
Poligono	Q37555	87
Processo a Galileo Galilei	Q2517983	17
Raggi gamma	Q11523	77
Taiga	Q69564	71
Apparato respiratorio	Q7891	86
Atene (città antica)	Q844930	44
La ginestra	Q3822537	1
Rivoluzione ungherese del 1956	Q164348	64
Sistema immunitario	Q1059	87
Congiuntivo	Q473746	39
Esercito romano	Q1114493	41
Guerra civile russa	Q79911	78
Minerale	Q7946	95
Selezione naturale	Q43478	80
Volta della Cappella Sistina	Q844675	27
Apparato locomotore	Q726543	44
Campagna di Francia	Q151340	63
Domanda e offerta	Q166656	65
Guerre dell'oppio	Q220984	49
Habeas corpus	Q220596	52
Latitudine	Q34027	93
Notte di san Bartolomeo	Q163891	60
Sudan del Sud	Q958	131
Acidi carbossilici	Q134856	66
Antonello da Messina	Q5594	47
Convivio	Q666014	13
Eruzione vulcanica	Q7692360	44
Plantae	Q756	137
Articolazione	Q9644	81
La roba	Q3823943	1
Midollo spinale	Q9606	81
Opere e poetica di Giovanni Verga	Q3884093	1
Rivoluzione scientifica	Q214078	55
Elemento chimico	Q11344	118
Fattore Rh	Q97372079	1
Giovanni Keplero	Q8963	103
Il Milione	Q654562	34
Leva (fisica)	Q40164	78
Allargamento dell'Unione europea	Q47232	42
Guido Cavalcanti	Q316876	34
Palazzo Te	Q1261544	23
Soluzione finale della questione ebraica	Q127013	53
Fronte orientale (1941-1945)	Q189266	66
Hieronymus Bosch	Q130531	66
Pressione di vapore	Q2661322	54
Struttura interna della Terra	Q1664027	56
Deserto	Q8514	115
Economia circolare	Q497743	45
Giambattista Vico	Q178709	58
Gustave Courbet	Q34618	62
Struttura del Decameron	Q1045266	7
Architettura gotica	Q176483	63
Francesco Hayez	Q223725	41
Indulgenza	Q44777	57
Kernel	Q9662	68
Onomatopea	Q170239	64
Settore secondario	Q55639	39
Velocità angolare	Q161635	62
Arte romanica	Q46805	52
Genetica	Q7162	102
Mare	Q165	127
Microsoft Office	Q11255	73
Occhio	Q7364	130
Primates	Q7380	92
Architettura di von Neumann	Q189088	48
Cecco Angiolieri	Q660359	14
Collina	Q54050	84
Fosforilazione ossidativa	Q227564	43
Grandi purghe	Q187650	57
Infarto miocardico acuto	Q12152	90
Magnete	Q11421	95
De vulgari eloquentia	Q18081	17
Stuart	Q179840	54
Elettronegatività	Q78974	67
Giorgione	Q8459	57
Amphibia	Q10908	111
Giuseppe Tomasi di Lampedusa	Q213482	42
Gruppo funzionale	Q170409	56
Metodo socratico	Q839475	31
Protista	Q10892	84
Apparato del Golgi	Q83181	71
Cuore umano	Q2419844	20
Elettricità	Q12725	116
Francesco Borromini	Q123150	51
Provincia (Italia)	Q12244504	5
Specie	Q7432	98
Encyclopédie	Q447	52
Legge di conservazione dell'energia	Q11382	80
Moneta	Q41207	83
Muscolo	Q7365	105
Ormone	Q11364	93
Pianeta	Q634	133
Pleistocene	Q25546	76
Schiavismo	Q8463	109
Server	Q44127	76
Tintoretto	Q9319	62
Vento	Q8094	110
Alimentazione	Q213449	51
Stato di ossidazione	Q484152	67
Unità di misura	Q47574	77
Bit	Q8805	81
Homo erectus	Q101362	77
Impero spagnolo	Q80702	72
Organizzazione internazionale	Q484652	62
Lingua occitana	Q14185	104
Monachesimo	Q148836	36
Numero complesso	Q11567	94
Pier Vittorio Tondelli	Q745578	9
Calcolo combinatorio	Q3650501	2
Ciclo dei Vinti	Q3676454	1
Omeostasi	Q103191	71
Seconda Repubblica (Italia)	Q304546	3
Acquedotto romano	Q13218676	23
Democrito	Q41980	80
Eritrocita	Q37187	87
Forza peso	Q25288	86
La Repubblica (dialogo)	Q123397	68
Marcel Duchamp	Q5912	65
Ordinamento giuridico	Q858700	22
Pompei (città antica)	Q43332	81
Voice over IP	Q81945	64
Campagna di Polonia	Q150812	58
Conferenza di pace di Parigi (1919)	Q199820	61
Foresta pluviale tropicale	Q199403	61
Guido, i' vorrei che tu e Lapo ed io	Q19984772	2
MP3	Q42591	66
Porta di Ištar	Q26082	49
Rombo (geometria)	Q41159	80
Azienda	Q52834234	1
Borghesia	Q52090	74
Criteri di divisibilità	Q858520	30
Locomotiva a vapore	Q171043	61
Movimenti della Terra	Q3866557	1
S'i' fosse foco	Q19140289	1
Chilogrammo	Q11570	108
Frank Lloyd Wright	Q5604	99
Funzione esponenziale	Q47306354	38
Ildegarda di Bingen	Q70991	70
Il cavaliere inesistente	Q2571696	10
Isomeria	Q41088690	29
Johannes Gutenberg	Q8958	104
Legno	Q287	100
Massa atomica	Q3840065	79
Parabola (geometria)	Q48297	73
Bisogno	Q190258	53
Campagna d'Italia (1796-1797)	Q699511	14
Gloriosa rivoluzione	Q189508	55
Reptilia	Q10811	111
Rete di computer	Q1301371	88
Sistema nervoso parasimpatico	Q185589	45
Soluzione (chimica)	Q5447188	72
Trattato di Versailles	Q8736	89
Base di dati	Q8513	85
Byte	Q8799	75
Molecola	Q11369	113
Pala di Brera	Q1796098	14
Radice quadrata	Q134237	77
Regno di Macedonia	Q83958	72
Umiliazione di Canossa	Q325656	25
Carta geografica	Q97372097	1
Dispotismo illuminato	Q219934	39
Guerra di liberazione italiana	Q3778681	3
Ibridizzazione	Q274511	45
Minimo comune multiplo	Q102761	61
Momento meccanico	Q48103	68
Pelle	Q1074	111
Sacco di Roma (410)	Q1463845	33
Stato socialista	Q842112	43
Stomaco	Q1029907	106
Tensione superficiale	Q170749	61
Tetrarchia di Diocleziano	Q15733698	6
Valdismo	Q201620	46
Agricoltura	Q11451	126
Carcere dell'Asinara	Q3658348	1
Convenzione di Schengen	Q83356	5
Diagramma di flusso	Q185092	50
Equazione di stato dei gas perfetti	Q191785	58
Famiglia	Q8436	119
Guido Gozzano	Q1131281	12
Postmodernismo	Q47783	71
Triangolo rettangolo	Q158688	65
Coagulazione	Q179217	59
Discobolo	Q133732	36
Giuseppe Arcimboldo	Q7751	52
Guerra gotica (535-553)	Q477973	40
Pila (elettrotecnica)	Q267298	87
Una questione privata (Fenoglio)	Q4004349	3
Ciclo dell'acqua	Q81041	90
Imperialismo	Q7260	90
Microscopio	Q196538	99
Salute	Q12147	110
Ugonotti	Q101935	66
Battaglia di Legnano	Q283364	27
Clima	Q7937	111
Cometa	Q3559	111
Hominidae	Q635162	74
Lucio Fontana	Q312392	24
Pronome relativo	Q1050744	25
Secondo dopoguerra in Italia	Q3954040	1
Storia dell'universo	Q136407	30
Editto di Tessalonica	Q1257878	33
Orbitale atomico	Q53860	65
Prokaryota	Q19081	83
Punto cardinale	Q23718	79
Stato liberale	Q3968632	1
Accelerazione	Q11376	98
Bioma	Q101998	67
Eugène Delacroix	Q33477	73
Fiore	Q506	120
Hernán Cortés	Q7326	93
Vettore (matematica)	Q44528	73
Editto di Nantes	Q179788	53
Esteri	Q101487	66
Aggettivo qualificativo	Q3606525	2
Asteroide	Q3863	107
Banca	Q22687	106
Deriva dei continenti	Q178605	54
De rerum natura	Q861986	30
Melodramma	Q191489	53
Moto rettilineo	Q2035846	31
Paul Klee	Q44007	60
Vasco da Gama	Q7328	108
Verbi irregolari italiani	Q4009866	1
Colonizzazione greca	Q828047	28
Fenotipo	Q104053	63
Grandezza fisica	Q107715	59
Partito Popolare Italiano (1919)	Q2717398	13
Regno d'Inghilterra	Q179876	69
Savana	Q42320	81
Moto armonico	Q190070	45
Ordine architettonico	Q217175	44
Bus (informatica)	Q178048	60
Ciclo cellulare	Q188941	55
Frazione (matematica)	Q66055	81
John Dewey	Q131805	70
Miliardo	Q16021	67
Sistema elettorale	Q182985	54
Dino Campana	Q2271183	13
Equazione di secondo grado	Q41299	70
Stendardo di Ur	Q524447	28
Legge costituzionale	Q3829739	2
Terzo settore	Q1063076	22
Invincibile Armata	Q179684	61
Royal Navy	Q172771	58
Sahel	Q66065	76
Tito Maccio Plauto	Q47160	56
Fotocamera	Q313600	43
Geografia dell'Europa	Q119716	43
Jacopone da Todi	Q317267	23
Prenome	Q202444	54
Religione romana	Q337547	47
Carthago delenda est	Q611895	34
Cittadinanza	Q42138	85
Codice napoleonico	Q151060	49
Faglia di Sant'Andrea	Q191218	45
Reticolo endoplasmatico	Q79927	72
Suite di protocolli Internet	Q81414	72
Avanguardia	Q102932	67
Logaritmo naturale	Q204037	53
Regola dell'ottetto	Q208348	46
Repubblica di Firenze	Q148540	47
Statuto dei lavoratori	Q3968723	1
Turismo	Q49389	105
Ande	Q5456	107
Firmware	Q104851	56
Magistratura italiana	Q6303109	5
Pianto antico	Q3902076	1
Pietro Bembo	Q334188	34
Rivoluzione iraniana	Q126065	74
Velocità	Q11465	98
Verbi latini	Q1246315	11
Crisi del III secolo	Q329838	44
Dilatazione termica	Q6583695	50
Eclissi lunare	Q44235	90
Esofago	Q173710	90
Giovanni Calvino	Q37577	86
Guerra d'Algeria	Q200790	57
Scrittura cuneiforme	Q401	79
Adelchi (Manzoni)	Q378658	5
Allele	Q80726	65
Civiltà della valle dell'Indo	Q42534	83
Fonti energetiche	Q1522115	24
Intensità di corrente	Q29996	19
Limite (matematica)	Q177239	63
Modello atomico di Rutherford	Q275411	41
Plotino	Q134189	64
Sposalizio della Vergine (Raffaello)	Q2030685	23
Tommaso Campanella	Q191850	53
Acido	Q11158	103
Aldo Busi	Q368206	9
Apparato genitale maschile	Q842083	50
Energie non rinnovabili	Q2632167	12
Organismo vivente	Q7239	103
Acidi nucleici	Q123619	76
Albrecht Dürer	Q5580	102
Auguste Comte	Q12718	78
Blog	Q30849	98
Crosta terrestre	Q15316	83
Diritto di voto	Q29581660	1
Ecologia	Q7150	119
Gas nobili	Q19609	95
Guerra civile romana (49-45 a.C.)	Q1238338	39
Lago	Q23397	115
Lisosoma	Q83330	69
Nuova politica economica	Q45745	50
Ammine	Q167198	63
Fenomenologia	Q179235	66
Il fanciullino	Q3793899	2
Pittura fiamminga	Q2185042	16
Sistema di riferimento inerziale	Q192735	50
Structured Query Language	Q47607	71
Alcani	Q41581	76
Alla luna	Q29521085	1
Banca Mondiale	Q7164	98
Irredentismo	Q182274	49
Operette morali	Q3884099	3
Protone	Q2294	105
Triangolo	Q19821	111
Agostino Depretis	Q356711	32
Chetoni	Q170744	62
Cimabue	Q15790	49
Placiti cassinesi	Q638094	6
Sistema nervoso centrale	Q47273	75
Arte romantica	Q27273707	2
Classificazione dei lavoratori in Italia	Q3679730	1
Edmondo De Amicis	Q240576	42
Read Only Memory	Q160710	64
Solubilità	Q170731	58
Tito Lucrezio Caro	Q47154	67
Dinastia flavia	Q200565	50
Fidia	Q177302	58
Giambattista Tiepolo	Q186202	51
Gusto	Q124794	83
Meteorite	Q60186	75
Michail Bakunin	Q27645	76
Ordine francescano	Q165005	55
Organizzazione mondiale del commercio	Q7825	100
Osso	Q265868	106
Pier della Vigna	Q1394860	12
Pieter Paul Rubens	Q5599	92
Puntinismo	Q200034	50
Trapezio	Q46303	82
Anassimandro	Q42458	74
Capacità termica	Q179388	65
Ione	Q36496	93
Limite di una funzione	Q33540	40
Modello E-R	Q624546	33
Proposizione subordinata	Q1122094	30
Complemento di termine	Q1094061	13
David Hume	Q37160	84
Fondamentalismo islamico	Q1140370	33
Impero anglo-indiano	Q129286	66
Rus' di Kiev	Q1108445	69
Cariotipo	Q189967	45
Crepuscolarismo	Q580462	7
Doriforo	Q1136305	25
Foglia	Q33971	107
Razionalismo italiano	Q2535546	22
Roccia magmatica	Q42045	82
Se una notte d'inverno un viaggiatore	Q1032190	16
Archaea	Q10872	88
Arte paleocristiana	Q429811	36
Equazione differenziale	Q11214	75
Guido Guinizelli	Q366270	23
Legge 22 maggio 1978, n. 194	Q30888465	1
Leucocita	Q42395	83
Maometto II	Q34503	79
Teorema fondamentale del calcolo integrale	Q1217677	51
Carica elettrica	Q1111	91
Corte di giustizia dell'Unione europea	Q4951	60
Elio Vittorini	Q468658	25
Energia di ionizzazione	Q483769	64
Homo habilis	Q101373	68
Impresa	Q6881511	32
Lingua volgare	Q3832975	5
Poligono regolare	Q714886	46
Secessione viennese	Q208208	43
Signoria cittadina	Q914425	25
Storia dell'Islam	Q642379	52
Triangolo isoscele	Q875937	51
Webinar	Q442781	21
Ambiente (biologia)	Q43619	86
Arte barocca	Q3624106	2
Colloide	Q181780	60
Giovan Battista Marino	Q332489	32
Motore a vapore	Q12760	87
Potenza di due	Q1136880	27
Rinascita dell'anno Mille	Q104057283	1
Secondo triumvirato	Q212079	43
Cittadinanza digitale	Q2426831	15
La storia (romanzo)	Q2279483	5
Campagna del Nordafrica	Q218678	43
Espansione vichinga	Q3733063	13
Funzione continua	Q170058	52
Geografia dell'Africa	Q781650	32
Neoplatonismo	Q162145	60
Partito politico	Q7278	101
Repubblica Napoletana (1799)	Q514423	27
Seno (matematica)	Q152415	56
Aggettivo dimostrativo	Q2824480	4
Cittadinanza italiana	Q1274327	12
Ellisse	Q40112	80
Metodo Monte Carlo	Q232207	49
Nicola Cusano	Q154751	53
Nucleo cellulare	Q40260	85
Prima legge di Gay-Lussac	Q193523	46
Roccia	Q8063	106
Borsa valori	Q11691	61
Fattoriale	Q120976	71
Forza centrifuga	Q178733	63
Mario Schifano	Q1411112	6
Neurotrasmettitore	Q162657	60
Roccia sedimentaria	Q82480	76
Sud-est asiatico	Q11708	97
Unicode	Q8819	93
Etologia	Q7155	67
Massimo comun divisore	Q131752	68
Memoria (informatica)	Q5830907	42
Motti dannunziani	Q3866451	1
Parallelepipedo	Q181658	50
Pronome personale in italiano	Q3923915	1
Commercio equo e solidale	Q188485	51
Encefalo	Q75865	22
Guerra	Q198	119
Henri Bergson	Q42156	78
Lega Lombarda	Q623476	38
Linfocita	Q715347	60
Luddismo	Q1159675	48
Madrigale	Q193217	47
Materia (fisica)	Q35758	101
Opere di Gabriele D'Annunzio	Q3884076	1
Ossidazione	Q1786087	31
Principio di legalità	Q1765801	18
Analisi logica del periodo	Q3614985	1
Calore	Q44432	90
Cristo morto (Mantegna)	Q546297	26
Organizzazione non a scopo di lucro	Q163740	64
Religione dell'antica Grecia	Q855270	42
Testamento biologico	Q555118	20
Zona temperata	Q167466	66
Corte internazionale di giustizia	Q7801	88
Divisionismo	Q2487023	16
Orlando innamorato	Q2465530	12
Regno (biologia)	Q36732	88
Aldeidi	Q101497	69
Boston Tea Party	Q19024	60
Catena alimentare	Q159462	65
Pace di Lodi	Q1456635	18
Proposizione finale latina	Q3924007	2
Assemblea generale delle Nazioni Unite	Q47423	75
Carlo Cattaneo	Q1042024	13
Editto di Rotari	Q1284512	17
Empedocle	Q83375	68
Erano i capei d'oro a l'aura sparsi	Q3731066	1
Gestione dei rifiuti	Q180388	53
Martedì nero	Q201684	53
Monastero	Q44613	70
Persona giuridica	Q155076	55
Sistema numerico esadecimale	Q82828	70
Società (diritto)	Q783794	68
Crittografia asimmetrica	Q201339	46
Zibaldone	Q4024389	3
Angiosperme	Q25314	97
Complemento predicativo del soggetto	Q3685169	1
Congiuntivo imperfetto	Q3502541	4
Conquistadores	Q126236	63
Equazione	Q11345	89
Funzione iniettiva	Q182003	50
Johann Gottlieb Fichte	Q102585	65
Materia di Bretagna	Q507738	20
Accademia dell'Arcadia	Q338478	18
Anni ruggenti	Q13468437	26
A ciascuno il suo (romanzo)	Q2238230	3
Benvenuto Cellini	Q190116	49
Costante di dissociazione acida	Q325519	43
Elettrolisi	Q64403	70
Ferdinando I d'Asburgo	Q150611	58
Gas ideale	Q172280	60
Paesi baltici	Q39731	79
Pittura rupestre	Q1269827	7
Scala Mercalli	Q170350	52
Aldo Palazzeschi	Q685342	14
Fossile	Q40614	91
Fronte occidentale (1914-1918)	Q152989	43
Genoma	Q7020	72
Auguste Rodin	Q30755	79
Campo elettromagnetico	Q177625	63
Il sistema periodico	Q2249636	9
Inquisizione spagnola	Q184725	52
Orologio	Q376	99
Radiazione solare	Q17996169	28
Volume molare	Q487112	42
Coefficiente angolare	Q275447	57
Decadimento beta	Q306786	60
In morte del fratello Giovanni	Q3797326	1
Legami intermolecolari	Q245031	42
Mark Rothko	Q160149	51
Monarchia (Dante)	Q134221	17
Prima declinazione latina	Q3921592	4
Prima Repubblica francese	Q58296	53
Corrosione	Q137056	70
Francesco Guicciardini	Q44601	36
Graffitismo	Q17514	66
Impero portoghese	Q200464	67
Modello atomico di Thomson	Q274116	44
Retta	Q37105	89
Teoria VSEPR	Q719461	35
Antonio Tabucchi	Q231781	39
Area	Q11500	113
Calendario	Q12132	113
Guerra di trincea	Q241059	50
Inerzia	Q122508	78
Istituzioni dell'Unione europea	Q748720	46
Numero intero	Q12503	95
Sogno americano	Q214100	42
Soluzione tampone	Q208465	49
Trattato di Brest-Litovsk	Q122371	53
Averroè	Q39837	82
Conduttore elettrico	Q124291	73
Diritto internazionale	Q4394526	71
File system	Q174989	55
Funzione trigonometrica	Q93344	67
Gilles Deleuze	Q184226	57
Insieme	Q36161	78
Pronome personale	Q468801	43
Protagora	Q169243	59
Zang Tumb Tumb	Q1753902	4
Arte romana	Q3354732	44
Impero inca	Q28573	89
Iperbole (geometria)	Q165301	63
Michel de Montaigne	Q41568	69
Nazione	Q6266	90
Novelle per un anno	Q1754072	4
Quattordici punti	Q157648	48
Strutturalismo (filosofia)	Q2236965	4
Aggettivo	Q34698	96
Base (chimica)	Q11193	90
Cavaliere	Q102083	68
Denis Diderot	Q448	78
Diego Velázquez	Q297	98
Edmund Husserl	Q58586	68
Giovanni Bellini	Q17169	54
Magiari	Q133032	67
Pertinace	Q1436	63
Principio dei vasi comunicanti	Q117701	32
Steppa	Q123991	76
Terme romane	Q6581615	45
Termometro	Q646	85
Analfabetismo	Q485100	28
Sistema endocrino	Q11078	85
Centro di massa	Q2945123	51
Lo cunto de li cunti	Q1473417	18
Metalli alcalini	Q19557	91
Polmone umano	Q2640512	10
Teorema dell'energia cinetica	Q2642081	4
WordPress	Q13166	75
Alle fronde dei salici	Q3612364	1
Architettura neoclassica	Q54111	39
Digestione	Q11978	88
Imperatori adottivi	Q193254	34
Lava	Q40157	84
Parentesi	Q174565	64
Piccola circolazione	Q494603	31
Saturno che divora i suoi figli	Q1150997	29
Canto notturno di un pastore errante dell'Asia	Q20630333	1
Fine della seconda guerra mondiale in Europa	Q700924	24
Foresta pluviale	Q9444	87
Ippolito Nievo	Q733342	15
Operazione Overlord	Q8641370	51
Pittura metafisica	Q753683	30
Proprietà intensive ed estensive	Q911916	22
Punto esclamativo	Q166764	68
Triangolo di Tartaglia	Q177051	56
Apparato tegumentario	Q483213	59
Avverbio	Q380057	88
Domicilio	Q2641256	23
John Stuart Mill	Q50020	77
Legge di Boyle-Mariotte	Q175974	67
Particella elementare	Q43116	79
Plasma (biologia)	Q79749	72
Proprietà colligative	Q28784	36
Ragazzi di vita	Q3929379	6
Tombe etrusche	Q20010053	3
Alcyone	Q5641190	2
Canaletto	Q182664	56
Città ideale	Q1656724	15
Consecutio temporum	Q933483	3
Crossing-over	Q244145	42
Esarcato d'Italia	Q694740	40
Giacomo da Lentini	Q1394847	17
Grandezza vettoriale	Q2672914	10
Las Meninas (Velázquez)	Q208758	47
Magma	Q42278	83
Rettangolo	Q209	95
Sfera	Q12507	87
Cerchio	Q238231	51
Gas	Q11432	106
Megalopoli	Q471822	45
Protezionismo	Q179073	61
Regni romano-barbarici	Q5402094	19
Scuola pitagorica	Q191359	50
Tessuto (biologia)	Q40397	95
Umidità	Q180600	76
Corporativismo	Q192886	45
Cultura villanoviana	Q587309	33
Gorgia	Q179785	57
Guerre balcaniche	Q165725	71
Olocene	Q25445	73
Principio di Le Châtelier	Q192690	46
Scetticismo filosofico	Q1998646	21
Utilitarismo	Q160590	64
Abbasidi	Q12536	86
Benelux	Q13116	72
Cristallo	Q43533	86
Diritti inviolabili	Q3709055	1
Dualismo onda-particella	Q193068	52
Espansione islamica	Q275918	47
Falda acquifera	Q208791	48
Longitudine	Q36477	91
Quer pasticciaccio brutto de via Merulana	Q3927678	4
Svolta di Salerno	Q3978557	3
Guerre sannitiche	Q109251	40
Lega delio-attica	Q193235	50
Participio latino	Q3896644	1
Protozoa	Q101274	78
Arte greca	Q1747618	45
Campo gravitazionale terrestre	Q673166	34
Croce Rossa e Mezzaluna Rossa Internazionale	Q7178	87
Grammatica latina	Q27716	25
Infinito (matematica)	Q205	85
Memoria di massa	Q1426186	12
Novella	Q149537	72
Opere di Ugo Foscolo	Q3884085	1
Perifrastica attiva	Q15141402	1
Regola di Ruffini	Q2704282	14
Complemento oggetto	Q2990574	15
Concorrenza perfetta	Q183384	45
Costante di equilibrio	Q857809	28
CSS	Q46441	74
Equazione di Nernst	Q751124	32
Forma di Stato	Q183039	24
RSA (crittografia)	Q181551	48
Trasmissione del calore	Q179635	62
Verbo ausiliare	Q465800	41
Alga	Q37868	91
Anno	Q577	130
Concordato di Worms	Q154439	40
Corporazioni delle arti e mestieri	Q170161	45
Dodecapoli etrusca	Q248137	15
Formula chimica	Q83147	78
Funzione suriettiva	Q229102	49
Grado di comparazione	Q577714	27
Onde sismiche	Q186167	52
Battaglia di Bouvines	Q830626	29
CAD	Q184793	50
Guerra d'Indocina	Q748780	56
Legame metallico	Q191390	53
Potere giudiziario	Q105985	74
Punto fermo	Q172008	73
Regno ostrogoto	Q583038	37
Teorema di Rolle	Q193286	42
Citoplasma	Q79899	74
Composto chimico	Q11173	99
Corsaro	Q201559	48
Costituzione europea	Q189066	43
Invasioni barbariche del V secolo	Q106997429	1
Numero di massa	Q101395	66
Ordini mendicanti	Q28653	35
Referendum abrogativo in Italia del 1974	Q3931588	7
Segregazione razziale	Q59816	45
Sostantivo	Q1084	104
Consumismo	Q89640	54
Fordismo	Q466969	38
Ghiaccio	Q23392	105
Guerra civile in Italia (1943-1945)	Q3118964	15
Pietro Metastasio	Q29473	33
Solvente	Q146505	64
Ablativo assoluto	Q1502853	15
Aratro	Q11464	95
Arte egizia	Q318394	39
Aulularia	Q1234585	14
Litro	Q11582	95
Paolo Veronese	Q9440	59
Pendolo	Q20702	66
Sistema linfoide	Q712604	72
Struttura di Lewis	Q911437	36
Vittoria Colonna	Q255368	29
Analisi delle Operette morali	Q3614974	1
Avverbio (lingua italiana)	Q3631250	1
Chiare, fresche et dolci acque	Q779955	2
Dinastia dei Severi	Q321219	37
Monopolio	Q43637	76
Pietro Aretino	Q296272	35
Rivoluzione russa del 1905	Q184928	56
Stampa 3D	Q229367	52
Vita dei campi	Q1328015	4
Volume	Q39297	88
Architettura paleocristiana	Q2494008	13
Camuni	Q1031802	13
Criteri di congruenza dei triangoli	Q10955875	7
Equilibrio chimico	Q189520	57
Forza centripeta	Q172881	64
Leggi razziali naziste	Q4348882	17
Polinomio	Q43260	73
Realtà virtuale	Q170519	75
Sovranità	Q42008	81
Brughiera	Q1092661	20
Composto organico	Q174211	73
Coseno	Q1256164	37
Giorgio Caproni	Q1638370	5
Legge di conservazione della quantità di moto	Q2305665	29
Rivoluzione francese del 1848	Q622774	45
Roccia metamorfica	Q47069	72
Stati del Nord America	Q1987553	31
Campagna d'Egitto	Q253684	40
Canzone (metrica)	Q873000	21
Decolonizzazione	Q230533	51
Genere (tassonomia)	Q34740	94
Legge delle proporzioni multiple	Q47319	31
Libertà di stampa	Q22688	61
Patriottismo	Q6241	73
Pragmatismo	Q126692	65
Proposizione coordinata	Q611474	15
Publio Terenzio Afro	Q172048	53
Scomposizione dei polinomi	Q3952676	1
Trasporto di membrana	Q6151736	25
Una vita (Svevo)	Q4004472	4
Antropologia culturale	Q28598	57
Apparato (anatomia)	Q188193	53
Apparato genitale	Q7895	76
Associazione (diritto)	Q48204	38
Dante Gabriel Rossetti	Q186748	57
Giambattista Basile	Q555291	30
Guerra austro-prussiana	Q153650	56
Iperinflazione	Q185565	57
L'allegria	Q3817893	3
Olfatto	Q1541064	62
Severino Boezio	Q102851	60
Telescopio	Q4213	96
Biomolecola	Q206229	56
Bonaventura da Bagnoregio	Q43746	54
Enrico IV (Pirandello)	Q667340	14
Evoluzione stellare	Q6472	50
Guerra al terrorismo	Q185729	58
Guerra civile romana (44-31 a.C.)	Q2116320	24
Mamma Roma	Q641668	24
Poeta vate	Q3906988	1
Pool (magistratura italiana)	Q4774913	5
Rivoluzione neolitica	Q180548	61
Saul	Q28730	55
Selvicoltura	Q720362	32
Silicato	Q178977	56
Vertebrata	Q25241	102
Amministratore di sostegno	Q3614420	1
Catena di montaggio	Q455037	28
Centrale elettrica	Q159719	70
Donne nel Medioevo	Q3028597	17
Incertezza di misura	Q1403517	26
I limoni	Q3790944	1
Marco Fabio Quintiliano	Q193769	43
Moti del 1830-1831	Q849378	13
Moti rivoluzionari	Q3866233	1
Nordafrica	Q27381	97
Paolo Uccello	Q192488	50
Parassitismo	Q186517	80
Proposizione oggettiva	Q3924015	2
Questione di fiducia	Q3927762	1
Radice (botanica)	Q41500	96
Sarcofago degli sposi	Q2294393	18
Telecomunicazione	Q418	94
Canti (Giacomo Leopardi)	Q3655711	5
Cifrario di Cesare	Q180943	52
Flusso	Q6485344	40
Gotico italiano	Q2245489	10
Magnetismo	Q3294789	76
Mantello terrestre	Q101949	65
Mario Luzi	Q723569	15
Moto circolare	Q715746	44
Stati generali del 1789	Q1463941	24
Alcheni	Q81406	71
Antonio Fogazzaro	Q470067	19
Associazione internazionale dei lavoratori	Q183725	50
Ciclo dell'azoto	Q82551	54
Divario digitale	Q244752	46
Economia verde	Q598188	33
Forza elastica	Q1185557	23
Giuramento della Pallacorda	Q60022	38
Illuminismo in Italia	Q3796476	4
Libro dei morti	Q174361	50
Regola di de l'Hôpital	Q190557	50
Secondo	Q11574	111
Aggettivi latini della I classe	Q3606519	1
Arte preistorica	Q1842924	44
Errore relativo	Q865920	23
Grande circolazione	Q427030	22
Gruppo sociale	Q874405	53
Guerra d'indipendenza greca	Q182062	60
La tregua (Primo Levi)	Q3824693	4
Alexis de Tocqueville	Q140694	63
Apostrofo	Q436048	65
Concentrazione (chimica)	Q3686031	59
Dottrina Monroe	Q181026	56
Francis Bacon (pittore)	Q154340	51
Marsilio Ficino	Q192374	50
Monomio	Q243723	42
Sostanza pura	Q79529	70
Teoria cinetica dei gas	Q200286	47
Antropizzazione	Q2707809	12
Digitale (informatica)	Q173285	41
Direttorio	Q219817	50
Funzione d'onda	Q2362761	55
Mercato	Q37654	75
Neutrone	Q2348	97
Polmone	Q7886	118
Pontormo	Q207929	42
Proposizione relativa latina	Q3924018	1
Secretum	Q1094598	5
Aggettivo e pronome indefinito	Q956030	21
Bacino del Mediterraneo	Q72499	54
Ciclo del carbonio	Q167751	64
Funzione di hash	Q183427	48
Guerra sociale	Q677316	38
Letteratura cavalleresca	Q1159457	38
Luigi Capuana	Q468662	21
Punto interrogativo	Q11169	75
Battaglia delle Alpi Occidentali	Q698178	20
Capitale (economia)	Q8137	88
Complemento di specificazione	Q3685160	1
Crisi del XIV secolo	Q2604642	17
Dominio e codominio	Q192439	50
Energia potenziale gravitazionale	Q2297853	23
File	Q82753	71
Frutto	Q1364	115
Micronesia	Q3359409	85
Politica razziale nella Germania nazista	Q15912661	15
Sandro Penna	Q982945	11
Combinazione	Q202805	49
Grafica vettoriale	Q170130	50
Participio	Q814722	52
Proposizione infinitiva latina	Q3924009	1
Quadrilatero	Q36810	86
Stato autoritario	Q6229	63
Suolo	Q36133	101
Bilancio dello Stato	Q271855	43
Diritto soggettivo	Q2386606	24
Grandezza scalare	Q181175	33
Idrosfera	Q83169	77
Isole britanniche	Q38272	74
Pietro Verri	Q550318	13
Potenza (matematica)	Q33456	72
Solo et pensoso i più deserti campi	Q3964389	1
Trasporto	Q7590	109
Amor sacro e Amor profano	Q794077	21
Anassagora	Q83041	65
Claudio Magris	Q274404	31
Crescita esponenziale	Q582659	38
Geografia dell'Asia	Q2001617	34
Giungla	Q191086	61
Glaciazione	Q891130	8
Guglielmo di Occam	Q43936	63
L'Adone	Q3817873	2
Letteratura barocca	Q1431376	20
Milione	Q38526	87
Opere di Alessandro Manzoni	Q3884066	1
Origene	Q170472	59
Ossiacidi	Q497173	33
Punto e virgola	Q104394	60
Salvatore Di Giacomo	Q1858041	7
Antifascismo	Q210189	49
Array	Q186152	46
Database management system	Q176165	48
Energia meccanica	Q184550	57
Fenoli	Q407142	39
Francesco de Sanctis	Q471523	19
Genotipo	Q106016	61
Novecento (movimento artistico)	Q933661	10
Periferica	Q178648	62
Proposizione relativa	Q1402059	24
Resa del Giappone	Q6540361	42
Riproduzione sessuata	Q182353	58
Vaso sanguigno	Q988343	90
Articolo partitivo	Q576670	7
Bisettrice	Q27809	37
Conferenza di Berlino (1884)	Q13582	49
E-book	Q128093	76
Elettrolita	Q162908	68
Melanesia	Q37394	89
Orbita della Luna	Q210539	27
Percentuale	Q11229	74
Prima guerra balcanica	Q177918	62
Principio di esclusione di Pauli	Q131594	61
Sistema nervoso periferico	Q169953	61
Spesso il male di vivere ho incontrato	Q3966553	1
Vincenzo Monti	Q723643	17
Agnolo Poliziano	Q250414	33
Andrea Zanzotto	Q495300	9
Avicenna	Q8011	101
Cenozoico	Q102416	69
Epitteto	Q183144	60
Miles gloriosus	Q1230918	18
Pietro Abelardo	Q4295	66
Giurisdizione	Q471855	43
Guerre indiane	Q849680	35
Ordine delle operazioni	Q845118	40
Pace	Q454	102
Perifrastica passiva	Q3899885	1
Punto di flesso	Q212794	37
Realtà aumentata	Q254183	56
Rivoluzione copernicana	Q1191320	26
Tavola pitagorica	Q206049	54
Teorema del coseno	Q164321	58
Teoria cellulare	Q177935	59
Valenza (chimica)	Q171407	68
Biosfera	Q42762	79
Complemento di tempo	Q3685163	1
Formazione della Terra	Q3748186	2
Guerra civile romana (68-69)	Q470596	52
Organo (anatomia)	Q712378	96
Parto	Q34581	85
Zenone di Elea	Q132157	66
Affinità elettronica	Q271580	44
Applicazione web	Q189210	49
Bubble sort	Q60864	47
Conquista normanna dell'Italia meridionale	Q74011	27
Dictatus papae	Q901417	22
Divisione cellulare	Q188909	61
Eteri	Q103230	68
Guerra anglo-spagnola (1585-1604)	Q430726	33
Lineetta	Q187819	60
Prisma	Q180544	59
Proposizione consecutiva latina	Q3924002	1
Walter Gropius	Q61071	66
Ceramica greca	Q738680	32
Codice sorgente	Q128751	63
Guerra civile romana (83-82 a.C.)	Q521868	13
Guerre di religione francesi	Q673175	43
Il Conte di Carmagnola	Q3792632	2
Microrganismo	Q39833	93
Piccolo mondo antico (romanzo)	Q3902653	3
Regola di Cramer	Q322666	39
Speranza di vita	Q188419	52
Quinto Settimio Fiorente Tertulliano	Q174929	58
Anselmo d'Aosta	Q43939	61
Disoccupazione	Q41171	85
Disuguaglianza economica	Q5055020	40
Il partigiano Johnny (romanzo)	Q3209720	2
La casa in collina	Q3210444	2
Matteo Maria Boiardo	Q319557	28
Quinto Ennio	Q47130	41
Ragione	Q178354	72
Scratch (informatica)	Q275131	49
Stati dell'America meridionale	Q912825	40
Stati dell'Oceania	Q782287	31
Stechiometria	Q213185	49
Storia della misurazione del tempo	Q1321131	24
Triangolo equilatero	Q157002	66
Troposfera	Q40631	81
Aggettivi latini della II classe	Q3606520	1
Cubo	Q812880	81
Foresta temperata	Q3079197	14
Forum (Internet)	Q168210	57
Friedrich Schelling	Q60070	59
Giuseppe Gioachino Belli	Q2080788	20
Igiene	Q162297	79
Il passero solitario	Q3795058	1
Livio Andronico	Q193058	43
Nucleo terrestre	Q193927	42
Pianura	Q160091	77
Presocratici	Q178540	59
Rosso Fiorentino	Q312617	33
Spazio (punteggiatura)	Q380933	42
Uguaglianza sociale	Q13416790	39
Copula (linguistica)	Q207509	32
Equazione delle onde	Q193846	44
Grammo	Q41803	80
Graphics Interchange Format	Q2192	61
John Constable	Q159297	54
Normalizzazione (informatica)	Q339072	33
Paesi nordici	Q52062	67
Quarta declinazione latina	Q3927097	3
Alberto Arbasino	Q521191	8
Divorzio (ordinamento italiano)	Q3712200	2
Giorno	Q573	127
Le confessioni d'un italiano	Q3231688	2
Meteorologia	Q25261	98
Mitologia sumera	Q275051	33
Permutazione	Q161519	59
Tasso di cambio	Q66100	65
Verbi latini deponenti e semideponenti	Q4009868	1
Accadi	Q4029560	10
Angolo	Q11352	101
Cartografia	Q42515	79
Climi in Europa	Q1318388	12
Il Saggiatore (trattato)	Q2566559	9
Meriggiare pallido e assorto	Q3855153	1
Ormoni tiroidei	Q422106	38
Passato remoto	Q442485	21
Politica economica	Q582577	50
Punteggiatura	Q82622	65
Radice quadrata di 2	Q389813	39
Sistema informatico	Q13407144	11
Stratosfera	Q108376	76
Aggettivo interrogativo ed esclamativo	Q3606523	1
Aminta (Tasso)	Q471831	7
Diametro	Q37221	87
Faglia	Q47089	63
Feudo	Q188063	48
Idrossido	Q425597	54
Infezione	Q166231	77
James Watt	Q9041	101
Legge	Q105210	9
Preposizione	Q4833830	53
Produzione di energia elettrica	Q383973	45
Progressione geometrica	Q173523	57
Scala di riduzione	Q10858537	16
Secessio plebis	Q845114	25
Simone Martini	Q221043	44
Terramare	Q1410539	23
Vincenzo Gioberti	Q378706	23
Acqua di mare	Q184395	55
Arte etrusca	Q830331	31
Computer portatile	Q3962	86
Consuetudine	Q1479995	45
Fecondazione	Q14890574	58
Governo Tambroni	Q3773955	5
Laura de Noves	Q270227	19
Lorenzo Valla	Q214115	43
Onda marina	Q165848	68
Proposizione soggettiva	Q3924021	2
Società (sociologia)	Q8425	108
Tesi di aprile	Q622099	29
Anarchia militare	Q129167	25
Armistizio di Villafranca	Q305176	11
Blocco orientale	Q170541	58
Campagna dell'Africa Orientale Italiana	Q1052120	26
Chrétien de Troyes	Q4302	49
Cinematica	Q11476	66
Dicastero per la dottrina della fede	Q113468884	14
Cum narrativo	Q3699374	1
Forza conservativa	Q822938	36
I sommersi e i salvati	Q3791315	4
Jean-Auguste-Dominique Ingres	Q23380	94
La cavalla storna	Q3821715	1
LibreOffice	Q10135	66
Rotazione triennale delle colture	Q1570397	24
Sidereus Nuncius	Q1457297	22
Sistema monetario europeo	Q385239	28
Strumento di misura	Q2041172	55
Verbo servile	Q560570	20
Al cor gentil rempaira sempre amore	Q3607564	1
Ciclo economico	Q192311	49
Comitato di salute pubblica	Q724922	42
Duccio di Buoninsegna	Q15792	53
Edoardo Sanguineti	Q444143	17
Industria	Q8148	95
Nucleo atomico	Q37147	92
Ordini religiosi cavallereschi	Q474717	42
Pressione arteriosa sistemica	Q3911174	1
Produzione	Q739302	56
Antonio Rosmini	Q337311	28
Asintoto	Q179436	54
Composto ionico	Q2366155	23
Condizionale	Q625581	29
Cosmopolitismo	Q188843	50
Errore assoluto	Q3057447	4
Funzione di stato	Q230937	29
Gravidanza	Q11995	109
Invertebrata	Q43806	88
Ionizzazione	Q190382	61
Ipertesto	Q93241	63
Le Rime	Q1092462	8
Orogenesi	Q184554	53
Proposizione causale latina	Q3923994	1
Spesa pubblica	Q7257739	18
Apparato escretore	Q1112860	34
Costituzione francese del 1791	Q971176	22
Disuguaglianza triangolare	Q208216	39
Fusto	Q134267	70
Pronome dimostrativo	Q34793275	17
Relatività galileiana	Q2481895	22
Res cogitans e res extensa	Q2236765	11
Villa (storia romana)	Q918230	26
Aviazione nella prima guerra mondiale	Q2413988	17
Capacità di agire	Q584804	31
Dominanza (genetica)	Q3454555	39
Fascia climatica	Q3739874	1
Filippo Maria Visconti	Q289285	29
Morgante (poema)	Q1766450	13
Potenziale standard di riduzione	Q368639	28
Quadrato	Q164	105
Regno del Portogallo	Q45670	51
Trattato di Verdun	Q134840	60
Accento (fonologia)	Q181767	55
A se stesso	Q3602986	1
Capitolare di Quierzy	Q670484	9
Chilometro	Q828224	91
Inclusione	Q177646	56
Kouros	Q937330	30
Legge della segregazione	Q3829757	1
Programmazione (informatica)	Q80006	72
William James	Q125249	67
Il Giorno	Q3148459	4
Allergia	Q42982	85
Allevamento	Q80962	80
Anfitrione (Plauto)	Q475025	16
Califfato omayyade	Q8575586	67
Conquista dell'impero azteco	Q828435	35
Federico De Roberto	Q2641199	14
Heautontimorumenos	Q678909	9
Il servitore di due padroni	Q769831	16
Immunità adattativa	Q1645075	39
Notazione scientifica	Q219142	41
Piano inclinato	Q161462	57
Policleto	Q193422	42
Ambientalismo	Q2855609	49
Apocope	Q112154	38
Applicazione mobile	Q620615	65
Arte informale	Q1054254	25
Ballata (musica)	Q805130	8
Due punti	Q177449	60
Investimento	Q4290	71
Legge delle pressioni parziali	Q220089	48
Mercato europeo comune	Q955276	35
Miscela	Q169336	69
Organi di senso	Q173253	67
Prevenzione (medicina)	Q1717246	11
Proposizione concessiva	Q1783714	4
Proposizione temporale latina	Q3924023	1
Sistema di equazioni lineari	Q11203	60
Analogico	Q174948	54
Architettura romana	Q223750	47
Arrigo Boito	Q219491	41
Cento giorni	Q199955	50
Complemento di agente	Q2511733	8
Corrispondenza biunivoca	Q180907	50
Dittongo	Q102532	62
Fonte (storiografia)	Q5369651	
Guerre pirriche	Q596373	32
Politica monetaria	Q178476	63
Prodotto notevole	Q1971429	16
Programma (informatica)	Q40056	81
Query	Q3428776	6
Quinta declinazione latina	Q3927887	3
Stato unitario	Q179164	72
Teorema di Cauchy (analisi matematica)	Q3984001	7
Concezione del tempo	Q1754940	20
Cromosoma X	Q29867336	10
Estremo Oriente	Q42225	74
Foglio elettronico	Q183197	55
Industria alimentare	Q540912	45
Letteratura latina	Q184890	42
Metalli alcalino terrosi	Q19563	85
Moto (fisica)	Q79782	82
UNESCO	Q7809	116
Ottone III di Sassonia	Q151090	47
Teoria acido-base di Brønsted-Lowry	Q556036	36
Incisioni rupestri	Q42195	54
Letteratura futurista	Q3831119	5
Linguaggio di markup	Q37045	57
Ministro della Repubblica Italiana	Q3858501	2
Neutralizzazione (chimica)	Q337120	51
Paolo Sarpi	Q1349158	15
Patristica	Q189380	43
Prima coalizione	Q18817	40
Processo esotermico	Q60661	17
Proposizione dichiarativa	Q474328	9
Tablet computer	Q155972	74
Unità immaginaria	Q193796	56
Velocità di reazione	Q3394849	43
Vocale	Q36244	98
Acqua dolce	Q102192	65
Alessandro Tassoni	Q475477	20
Arte ravennate	Q3624154	1
Canti di Castelvecchio	Q3655724	1
Dieta di Roncaglia	Q479844	10
Edilizia	Q3875186	76
Franco Fortini	Q509504	7
La quiete dopo la tempesta	Q3823759	1
La sera del dì di festa	Q18590159	1
Linguaggio macchina	Q55813	63
Lingua egizia	Q50868	80
Lisippo	Q192222	47
Mitologia babilonese	Q3859450	3
Ordinamento giudiziario in Italia	Q3885112	1
Passato prossimo	Q1240211	19
Per (matematica)	Q1900125	22
Prateria	Q1006733	47
Socialismo utopico	Q192447	49
Architettura romanica in Italia	Q2884586	4
Associazione di tipo mafioso	Q3627284	1
Congiunzioni latine	Q3686839	1
Decadimento alfa	Q179856	57
Ente territoriale	Q3726248	1
Frana	Q167903	72
Goffredo Parise	Q1132008	15
Idealismo tedesco	Q679842	37
Pace di Costanza	Q693411	13
Proposizione consecutiva	Q338257	4
Stato assoluto	Q7184037	39
Unione economica e monetaria dell'Unione europea	Q212141	40
Algoritmo di ordinamento	Q181593	48
Congiuntivo presente	Q3502553	3
Diritto di famiglia	Q384014	50
Equazione lineare	Q484637	67
Fluidodinamica	Q216320	43
Funzione monotona	Q194404	39
Georges Braque	Q153793	57
Guittone d'Arezzo	Q1246333	13
Imperativo	Q22716	49
La gaia scienza	Q1061693	28
Legge di van der Waals	Q254329	37
Le Grazie (Foscolo)	Q3828360	1
Morte presunta	Q97284968	2
Movimento operaio	Q208701	43
Principio di irretroattività (ordinamento italiano)	Q3802136	1
Referendum abrogativi in Italia del 1981	Q3931574	2
Residenza (diritto)	Q7243161	3
Respirazione	Q97371805	
Salina	Q244326	39
Anassimene di Mileto	Q80612	65
Gerundio	Q1923028	37
Grafica raster	Q182270	53
Influenza culturale di Dante Alighieri	Q964699	3
Massimo e minimo di una funzione	Q845060	48
Oligopolio	Q103639	55
Pensiero e poetica di Alessandro Manzoni	Q21670147	1
Prassitele	Q105290	47
Relazione d'ordine	Q1069998	16
Trapassato prossimo	Q623742	38
Antropocentrismo	Q191624	46
Discorsi sopra la prima Deca di Tito Livio	Q924424	22
Impero azteco	Q2608489	32
Legge di conservazione del momento angolare	Q985318	16
Multiculturalismo	Q190656	56
Palude	Q30198	60
Predicato	Q179080	54
Quicksort	Q486598	46
Roberto d'Angiò	Q290720	33
Seme	Q40763	94
Sistema uditivo	Q821413	31
Storia della banca	Q166224	13
Web 3.0	Q1062677	17
Africa centrale	Q27433	92
Africa occidentale	Q4412	93
Complemento (linguistica)	Q1051175	25
Francia medievale	Q237131	23
Legge dell'assortimento indipendente	Q3829749	1
Massimo Bontempelli	Q741862	20
Oggetto celeste	Q6999	76
Rapporto giuridico	Q1367590	22
Relazione di equivalenza	Q130998	49
Metalloide	Q19596	74
Trenta tiranni	Q643488	35
Alchini	Q159226	69
Arte medievale	Q3624153	38
Bene (economia)	Q107087895	1
Classificazione dei minerali	Q2976560	11
Energia di attivazione	Q190474	49
Feto	Q26513	71
Iato	Q750663	33
Latifoglie	Q148993	34
Macchina	Q11019	107
Pomeriggio	Q283102	45
Primitiva (matematica)	Q114326	45
Radicale (matematica)	Q601053	60
Verrà la morte e avrà i tuoi occhi	Q4010225	2
Atomismo	Q178668	51
Classi di complessità P e NP	Q746242	38
Collettivismo	Q237789	47
Equilibrio di Hardy-Weinberg	Q49974	40
Fluido	Q102205	65
Glasnost'	Q173100	57
Machiavellismo	Q472246	41
Mastaba	Q180927	52
Mimetismo	Q192627	51
Moltiplicazione	Q40276	93
Non chiederci la parola che squadri da ogni lato	Q3878016	1
Pampa	Q184382	60
Piano (geometria)	Q17285	72
Subcontinente indiano	Q60140	85
Codice civile (Italia)	Q1053947	6
Conurbazione	Q245260	45
Cosmologia (astronomia)	Q338	82
Erosione	Q80026	80
Isolante elettrico	Q184996	55
Latino volgare	Q37560	53
Letteratura medievale	Q963619	39
Musical Instrument Digital Interface	Q80535	50
Paesaggio	Q107425	63
Più	Q6265342	23
Sistema numerico decimale	Q81365	73
Ciclo for	Q838119	21
Classicismo (letteratura)	Q19287983	4
Codice della strada (Italia)	Q21193084	1
Contrattazione collettiva	Q452421	23
Cultura di massa	Q3007315	20
Guerre macedoniche	Q75813	37
Inquisizione medievale	Q2553591	12
Periodo interbellico	Q154611	51
Punti di sospensione	Q32518	58
Rivoluzione siciliana del 1848	Q2708273	12
Satira latina	Q3950773	5
Sicurezza sul lavoro in Italia	Q16605989	1
Simbiosi	Q121610	70
Supercomputer	Q121117	69
Supino	Q548470	29
Teatro nell'antica Roma	Q1203607	21
Teorema dei seni	Q170181	60
Variabile (informatica)	Q877977	40
Verbo	Q24905	104
Wiligelmo	Q1226528	9
Acqua potabile	Q7892	71
BASIC	Q42979	71
Camillo Sbarbaro	Q585401	4
Ciclo litogenetico	Q1164398	30
Fattore produttivo	Q210947	48
Lorenzo Da Ponte	Q268166	39
Scultura greca arcaica	Q55474570	
Sillaba	Q8188	91
Tolleranza	Q183225	52
Battaglia di Normandia	Q48800454	1
Corsa all'oro	Q273182	42
Ereditarietà genetica	Q178694	69
Fonti del diritto dell'Unione europea	Q3629172	1
Fuga a Varennes	Q1192894	25
George Berkeley	Q82049	74
Invasioni barbariche del III secolo	Q3800893	2
La cognizione del dolore	Q3821831	3
Limiti alla revisione costituzionale	Q3832507	1
Liquido	Q11435	101
Poetae novi	Q266459	19
Popolo	Q2472587	78
Riflessione (fisica)	Q165939	69
Sezione conica	Q124255	65
Spagna degli Asburgo	Q600093	31
Triangolo scaleno	Q4897191	12
Campo gravitazionale	Q558066	55
Crittografia simmetrica	Q327675	35
Epistola XIII a Cangrande della Scala	Q3730656	1
Hans-Georg Gadamer	Q76356	55
Interpretazione giuridica	Q1130200	5
Legge Coppino	Q3829715	1
Lente	Q768575	78
Metopa	Q206285	43
Odi barbare	Q3880861	3
Perpendicolarità	Q205034	52
Piramide (geometria)	Q3358290	68
Quantità di sostanza	Q104946	49
Teorema del confronto	Q1065257	29
Triangolo industriale	Q3998572	2
Triangolo ottusangolo	Q3998573	18
Ugo Grozio	Q154959	65
Urbanistica romana	Q4006386	1
Addizione	Q32043	95
Cifra significativa	Q1056761	34
Emmanuel Lévinas	Q153034	48
Infinito (modo)	Q179230	57
Ionosfera	Q162219	64
Paralipomeni della Batracomiomachia	Q3895154	1
Periodo (linguistica)	Q1938215	23
Progressione aritmetica	Q170008	62
Repubblica di San Marco	Q2037576	17
Scultura romana	Q1362251	16
Vittorio Sereni	Q1227375	10
Accento acuto	Q216042	44
Accordo Sykes-Picot	Q211674	55
Autunno caldo	Q3630915	4
Bernardino Telesio	Q457986	27
Compilatore	Q47506	74
Diario	Q185598	73
Granducato di Mosca	Q170770	62
Particella (fisica)	Q1621273	48
Proposizione (linguistica)	Q117364	34
Sistema nervoso umano	Q107087885	
Università nel Medioevo	Q1143413	22
Artigianato	Q877729	60
Banca etica	Q746515	20
Composizione (linguistica)	Q245423	49
Congiunzione (linguistica)	Q36484	78
Filosofia medievale	Q192292	51
Formule di prostaferesi	Q15140913	2
Fotocamera digitale	Q62927	58
Impero selgiuchide	Q3708094	61
Indicativo imperfetto	Q12547192	38
Non metallo	Q19600	80
Paolo Volponi	Q1246391	9
Quaderni del carcere	Q1113267	17
Regno del Sud	Q3752897	7
Rivoluzioni del 1989	Q382861	49
Sanzione	Q32098	29
Settimana	Q23387	123
Successione (matematica)	Q133250	63
Transitività (linguistica)	Q830012	26
Ablativo	Q156986	52
Alterazione (linguistica)	Q2648497	5
Arte digitale	Q860372	38
Commercio	Q601401	99
Destalinizzazione	Q277560	39
Diritto divino dei re	Q839452	28
Divisione (matematica)	Q1226939	90
Impatto ambientale	Q2022868	14
Necropoli della Banditaccia	Q859735	13
Novellino	Q876333	7
Odi (Parini)	Q3880858	1
Oggi	Q1314984	2
Periodo ipotetico indipendente latino	Q3899915	1
Precipitazione (meteorologia)	Q25257	79
Proposizione interrogativa latina	Q3924012	1
Punto (geometria)	Q44946	79
Sacco di Roma (455)	Q1463832	23
Seconda guerra balcanica	Q184183	60
Sessanta racconti	Q3958154	3
Socialismo con caratteristiche cinesi	Q2301091	26
Videoscrittura	Q54277	57
Angolo ottuso	Q2802178	18
Atto unico europeo	Q622649	40
Complemento di modo o maniera	Q3685155	3
Contratto	Q93288	75
Diogene Laerzio	Q59138	48
Divisione Nord-Sud	Q1203182	26
Giovanni Della Casa	Q650906	17
Impero latino di Costantinopoli	Q178897	60
Legge delega	Q3829748	1
Mito cosmogonico	Q1610116	3
Nuovo Regno (Egitto)	Q180568	56
Polimorfismo (informatica)	Q3240252	38
Punto di discontinuità	Q541961	19
Superficie della Luna	Q1037499	14
Aggettivo possessivo	Q5051	9
Apologetica	Q191776	50
Bene (diritto)	Q636109	22
Charles Sanders Peirce	Q187520	56
Complemento predicativo dell'oggetto	Q3685171	1
Corsari barbareschi	Q899359	40
Enrico il Navigatore	Q182897	54
Età delle scoperte	Q133641	73
Interfaccia (informatica)	Q23808	48
I Trionfi	Q1094908	8
Malattia genetica	Q200779	49
Materiale	Q214609	51
Poteri universali	Q3814255	5
Tempio egizio	Q855747	34
Transizione di fase	Q185357	55
Arte della Controriforma	Q3624124	1
Arte longobarda	Q2864673	3
Biennio rosso in Europa	Q3639759	1
Califfato dei Rashidun	Q12490507	55
Cono	Q42344	83
Corpo rigido	Q192788	45
Fase (chimica)	Q104837	53
Fattorizzazione	Q188804	57
Funzione inversa	Q191884	54
Gaio Lucilio	Q298729	30
Script	Q1070421	3
Superficie	Q484298	60
Temperatura dell'aria	Q3983121	1
Teorema di Böhm-Jacopini	Q2635326	9
Teoria della complessità computazionale	Q205084	31
Algoritmo ricorsivo	Q264164	25
Caso (linguistica)	Q128234	75
Directory	Q201456	45
Espansione metrica dello spazio	Q1129469	41
Gerundivo	Q731298	17
Gneo Nevio	Q212667	36
Grandi Pianure	Q12707	64
Locus genico	Q106227	46
Pesca (attività)	Q14373	80
San Martino del Carso	Q2663007	7
Sistema di riferimento	Q184876	49
Tatto	Q877674	16
Analisi numerica	Q11216	75
Architettura di rete	Q639681	15
Cicloalcani	Q188862	47
Ciclo ovarico	Q3676496	1
Complemento di causa efficiente	Q3685151	1
Computer desktop	Q56155	51
Consonante	Q38035	97
Disequazione	Q165309	18
Leggi Siccardi	Q2253464	4
Mercato del lavoro	Q305186	35
Omotetia	Q583960	34
Prezzo	Q160151	66
Proposizione principale	Q1419215	23
Regno Unito di Israele	Q3185305	46
Scambio colombiano	Q767253	35
Servizio	Q7406919	57
Tecnica edilizia romana	Q1413460	8
Termosfera	Q178043	63
Assedio di Gerusalemme (1099)	Q456993	43
Consolato (Francia)	Q877619	43
Donna de Paradiso	Q3713933	1
Inni sacri	Q3798919	1
Menzogna e sortilegio	Q19622368	4
Mesosfera (atmosfera)	Q162167	67
Oggetto (informatica)	Q216601	42
Pila Daniell	Q749635	31
Sistema di riferimento non inerziale	Q829564	21
Storia dell'informatica	Q1189238	16
Stringa (informatica)	Q184754	40
Uomo del mio tempo	Q4006171	1
Architettura del ferro	Q900557	9
Articolo (linguistica)	Q103184	69
Asterisco	Q190212	50
Filosofia rinascimentale	Q917440	37
Firma elettronica	Q869548	28
Futuro anteriore	Q1234617	23
Il Cortegiano	Q1517519	17
Jean Bodin	Q190944	48
Limes (storia romana)	Q146924	47
Linguaggio di programmazione ad alto livello	Q211496	48
Lunghezza	Q36253	82
Metafisica (Aristotele)	Q661655	35
Microcredito	Q653953	31
Mutualismo	Q186368	50
Neutralità italiana (1914-1915)	Q3338723	2
Partito di massa	Q3896851	1
Persona fisica	Q154954	48
Proposizione finale	Q442145	6
Prose nelle quali si ragiona della volgar lingua	Q3924076	1
Regno di Castiglia e León	Q217196	40
Simbolo chimico	Q102500	65
Solido	Q11438	96
Tavola degli integrali indefiniti di funzioni trigonometriche	Q846505	37
Video	Q34508	75
Africa orientale	Q27407	92
Antico Regno (Egitto)	Q177819	56
Dispositivo mobile	Q5082128	37
Ernst Mach	Q93996	61
Esosfera	Q170332	60
Europa centro-orientale	Q900636	28
Integrazione per parti	Q273328	39
Interfaccia utente	Q47146	57
Interiezione	Q83034	77
Ireneo di Lione	Q182123	53
Musica digitale	Q6473564	35
Organizzazioni armate di sinistra in Italia	Q3885696	2
Pittura barocca	Q808561	26
Pronome interrogativo ed esclamativo	Q3923912	1
Reazione acido-base	Q378751	46
Retroattività	Q328293	22
Scala logaritmica	Q937378	31
Signoria di Milano	Q15890801	7
Sistema immunitario innato	Q428253	36
Ultimo canto di Saffo	Q16619154	1
Ars nova	Q210854	37
Contributo islamico all'Europa medievale	Q4115173	12
Europa nei secoli XIV e XV	Q3734806	1
Interdizione giudiziale	Q25399103	1
Mappa	Q4006	99
Marino Moretti	Q73880	8
Mosè Maimonide	Q127398	71
Pier Damiani	Q258369	38
Pittura romana	Q2164653	13
Ruzante	Q1055609	14
Sovrappopolazione	Q331439	42
Teofrasto	Q160362	60
Vulcano sottomarino	Q674775	36
Africa meridionale	Q27394	87
Carlo Porta	Q1248697	16
Crisi di Berlino del 1961	Q708321	28
Diatesi	Q211101	50
Diritto allo studio in Italia	Q60837604	1
Equazione del moto	Q215007	38
Fauna	Q104021	64
Geometria solida	Q207648	45
Giuseppe Pontiggia	Q1179618	8
Iterazione	Q651022	36
Minuto	Q7727	97
Numero negativo	Q200227	53
Omogeneità ed eterogeneità	Q19933904	14
Proposizione completiva latina	Q3923997	1
Proposizione concessiva latina	Q3923998	1
Quoziente	Q41118	40
Resa (chimica)	Q777948	23
Riforma del lavoro Fornero	Q18288972	1
Ruggero Bacone	Q171677	60
Scuola di Mileto	Q190279	42
Senilità	Q191089	64
Software di produttività personale	Q7247856	11
Virgola	Q161736	72
Vista	Q162668	67
Workstation	Q192525	43
Arte greca arcaica	Q3624131	1
Atellana	Q2038843	15
Cella elettrolitica	Q2608426	14
Complemento partitivo	Q3685168	1
Espressione matematica	Q6498784	37
Figura della Terra	Q437882	22
Filone di Alessandria	Q189597	53
Flora	Q131449	66
Industria mineraria	Q1945600	12
Paradigma di programmazione	Q188267	47
Pluralia tantum	Q138246	21
Pronome possessivo	Q1502460	17
Proposizione causale	Q944863	4
Pulizia etnica	Q154278	54
Record (database)	Q1366302	20
Ricombinazione genetica	Q211675	42
Risparmio	Q319622	44
Sistema operativo per dispositivi mobili	Q920890	36
Videomaker	Q4011400	1
Abolizionismo negli Stati Uniti d'America	Q2853205	10
Accademia dei Pugni	Q3603993	2
Caravaggismo	Q62506	28
Classe (informatica)	Q4479242	47
Congiuntivo trapassato	Q27955084	2
Intersezione (insiemistica)	Q185837	48
Jacopo Sannazaro	Q510621	23
Lavorare stanca	Q3538152	2
Lega peloponnesiaca	Q208742	39
Operaio	Q12713481	18
Ora	Q25235	100
Prodotto (economia)	Q2424752	47
Punto materiale	Q1068091	34
Riforma del diritto di famiglia italiano del 1975	Q3935349	1
Tavola degli integrali più comuni	Q423189	41
Verbo impersonale	Q1509829	13
Biblioteca di Assurbanipal	Q856544	40
Conquista dell'impero Inca	Q636771	31
Copia e incolla	Q1058748	27
Epistole	Q995950	5
Guerre romano-etrusche	Q3119190	9
Integrazione europea	Q1048268	38
Limite di una successione	Q847204	37
Luigi Pulci	Q631635	23
Pietro Giordani	Q1092339	7
Pittura etrusca	Q3374400	4
Resa di Caserta	Q668645	5
Storia dell'integrazione europea	Q212114	47
Triangolo acutangolo	Q3998560	19
Albero filogenetico	Q242125	39
Chiave primaria	Q934729	24
Clemente Rebora	Q3680468	3
Complemento di moto a luogo	Q3685156	1
Coniugazione (linguistica)	Q474628	40
Contratto di lavoro (ordinamento italiano)	Q1221208	40
Dativo	Q145599	54
Divisione del lavoro	Q207449	47
Filostrato	Q2480003	17
Flessibilità lavorativa	Q520878	7
Giovanni Berchet	Q670694	18
Insieme vuoto	Q226183	60
Letteratura romantica	Q5977111	15
Libreria standard del C	Q300914	27
Notte	Q575	102
Pensiero computazionale	Q5157342	21
Riduzione (chimica)	Q912546	25
Satura (Montale)	Q3950814	1
Spiritualismo	Q2636432	19
Spoletta volante	Q1202252	14
Verbo riflessivo	Q13475484	13
Cenere vulcanica	Q107099	54
Centrismo in Italia	Q3664678	3
Cittadinanza dell'Unione europea	Q363404	38
Composto binario	Q66392	26
Credito	Q182076	53
Criticismo	Q1789540	19
Emilio Praga	Q3724493	6
Femminismo in Italia	Q5442839	8
Guerre turco-veneziane	Q1420791	29
Lingua francese antica	Q35222	42
Nome proprio	Q147276	42
NP-completo	Q215206	31
Ottica	Q14620	83
Proposizione avversativa	Q380023	3
Proposizione condizionale	Q3923999	6
Proprietà privata	Q555911	44
Retta nel piano cartesiano	Q1509757	5
Segmento	Q166154	62
Trapassato remoto	Q1101896	3
Angolo acuto	Q3250296	15
Commensalismo	Q191934	56
Complemento di mezzo o strumento	Q3685154	2
Disposizione	Q1401935	21
Diversità genetica	Q585259	38
Divisore	Q50708	54
Fossilizzazione	Q3749017	1
Franz Brentano	Q57196	37
Gotico francese	Q2245347	11
Le occasioni	Q3828908	2
Pellegrinaggio cristiano	Q1118145	11
Porfirio	Q203445	47
Raccolta differenziata in Italia	Q20823810	2
Regionalismo (Italia)	Q24940421	2
Regole di derivazione	Q1079958	26
Relazione (matematica)	Q203066	39
Semiretta	Q1147832	35
Separazione personale dei coniugi	Q1142948	17
Simbolo di percentuale	Q7559698	24
Skopas	Q309579	36
Sviluppo economico	Q4530482	41
Cino da Pistoia	Q736348	19
Compagnia di ventura	Q2989771	3
Congiuntivo passato	Q3502544	3
Diritto del lavoro in Italia	Q21192987	1
Dovere	Q878070	44
Epicentro	Q106032	59
Equazione chimica	Q182527	58
Geomorfologia	Q52109	74
Ipparco di Nicea	Q159905	63
Jāhiliyya	Q726805	38
Kore (scultura)	Q921657	26
Libertà negativa	Q536814	24
Libertà personale	Q3831756	2
Palliata	Q1469987	14
Patrizia Valduga	Q3897842	3
Primi poemetti	Q3921796	1
Proposizione comparativa latina	Q3923995	1
Proposizione relativa latina impropria	Q3924019	1
Raggio (geometria)	Q173817	87
Relational database management system	Q3932296	24
Ritratto romano	Q440928	12
Stazione meteorologica	Q190107	51
Unix-like	Q14656	44
Accento grave	Q627319	42
Agostino (romanzo)	Q2827083	2
Amministrazione finanziaria	Q30898828	1
Analisi dimensionale	Q217113	34
Antonio Genovesi	Q602201	11
Bilancia commerciale	Q192796	48
Caduta della Repubblica Sociale Italiana	Q3649503	1
Cinetica chimica	Q209082	53
Cuspide (matematica)	Q655275	17
Fisica aristotelica	Q1248980	25
Foreste di conifere temperate	Q144019	25
Giovanni Villani	Q704179	22
Igino Ugo Tarchetti	Q2397918	7
Insediamenti israeliani	Q582706	38
Marca temporale	Q186885	26
Metodi per il calcolo della radice quadrata	Q1197114	12
Metrologia	Q394	60
Predazione	Q170430	61
Rapporto di lavoro	Q656365	61
Rivoluzione comunista cinese	Q32993	26
Sera	Q7725	63
Sistema di equazioni	Q735660	34
Sistema isolato	Q320388	30
Traslazione (geometria)	Q211459	39
Valerio Magrelli	Q3743412	5
Vertice (geometria)	Q26401	43
Architettura (computer)	Q7247260	6
Clemente Alessandrino	Q188883	52
Complemento di stato in luogo	Q3685162	1
Condizionale passato	Q25619773	3
Gaspara Stampa	Q466811	17
Genitivo	Q146233	57
Illecito	Q3796448	
Jean Baptiste Le Rond d'Alembert	Q153232	67
Le ceneri di Gramsci	Q3828598	2
Necropoli di Tarquinia	Q30404748	1
Omaggio feudale	Q1187484	21
Steppa eurasiatica	Q77120	45
Accento grafico	Q178890	14
Angolo retto	Q210	56
Arte mesopotamica	Q1072751	26
Blocco occidentale	Q1507074	33
Composizione di funzioni	Q244761	45
Consumo	Q192270	52
Consumo critico	Q954112	16
Dispersione (chimica)	Q178697	32
Fattori ambientali	Q2142347	32
Guerra romano-siriaca	Q486831	29
Input	Q1125955	24
Metamorfismo	Q380971	41
Principio di equivalenza	Q210546	43
Proposizione incidentale	Q3407566	8
Risposta immunitaria	Q1612119	24
Scultura etrusca	Q2760651	8
Sergio Corazzini	Q1377174	7
Soggetto economico	Q1415187	21
Sottrazione	Q40754	87
Teofilo Folengo	Q32833	16
Trasformazione galileiana	Q219207	39
Accelerazione angolare	Q186300	51
Arte carolingia	Q614082	32
Centro-sinistra "organico"	Q3664681	3
Complementi di luogo	Q3685146	7
Dannunzianesimo	Q85861623	1
Decreto dell'Alhambra	Q1061030	31
Espressionismo (letteratura)	Q1362030	9
Fonte primaria	Q112754	45
Geografia antropica	Q12831143	65
Gradi e alterazioni degli avverbi	Q3774124	1
Guerre ottomano-asburgiche	Q786171	24
Il Caffè (1764-1766)	Q3792578	4
Interprete (informatica)	Q183065	55
Isostasia	Q188719	43
La bufera e altro	Q3821511	2
Leonardo Bruni	Q314488	40
Processo endotermico	Q12571883	16
Sindacalismo fascista	Q3961444	4
Tavola degli integrali indefiniti di funzioni esponenziali	Q579258	35
Tratto d'unione	Q180309	59
Unione (insiemistica)	Q185359	49
Arte tardoantica	Q3624161	2
Arturo Martini	Q51189	11
Binomio	Q193623	47
Energia elastica	Q891408	16
Filippo Melantone	Q76325	56
Formule di Werner	Q3748395	2
Giovanni Scoto Eriugena	Q184500	47
Il combattimento di Tancredi e Clorinda	Q2541435	8
Indicativo	Q682111	37
Interazione apparente	Q212126	40
Locuzione avverbiale	Q5978303	5
Metodo di Eulero	Q868454	28
Operazioni navali nella prima guerra mondiale	Q695497	17
Organizzazioni armate di estrema destra in Italia	Q3885695	3
Pittura gotica	Q947129	11
Prima coniugazione latina	Q3921589	1
Società multietnica	Q1641089	31
Storia del giornalismo	Q1517385	18
Colonialismo statunitense	Q1570510	18
Commercio internazionale	Q178803	61
Comparativo e superlativo degli aggettivi latini	Q48801296	1
Condizionale presente	Q3686414	4
Cristallografia a raggi X	Q826582	45
Egemonia tebana	Q3200440	12
Elettrochimica	Q7877	60
Esperimento	Q101965	72
Fascio di circonferenze	Q3064603	
Guerre d'indipendenza ispanoamericane	Q1123201	40
I ventitré giorni della città di Alba	Q3791396	1
Limite notevole	Q1022111	22
Pittura illusionistica	Q2121876	17
Regioni polari	Q60670	55
Regola di Cavalieri-Simpson	Q722507	28
Scheda elettronica	Q3951866	1
Tempo (meteorologia)	Q11663	102
Teorema della permanenza del segno	Q3983979	1
Teoria acido-base di Lewis	Q900337	32
Verbi assolutamente impersonali	Q4009863	1
Arte egea	Q1282741	14
De agri cultura	Q1180565	15
Embriologia	Q131683	68
Facies	Q742139	32
Frase	Q41796	87
Il Corbaccio	Q3792638	3
Incapacità	Q3797566	1
Io voglio del ver la mia donna laudare	Q3801281	1
Milo De Angelis	Q3858037	5
Selezione sessuale	Q206913	44
Stato sociale in Italia	Q6093518	4
Stratigrafia (geologia)	Q134783	64
Videocamera	Q335234	26
Arte assira	Q12151382	18
Arte sumera	Q9631101	8
Ciclo biogeochimico	Q846303	40
Circolo di Vienna	Q208238	47
Coluccio Salutati	Q93113	28
Criterio di Cartesio	Q1379344	20
Diritti economici, sociali e culturali	Q3242046	21
Doveri inderogabili	Q3714733	1
Efficacia (diritto)	Q2585623	2
Fascio di rette	Q3064604	5
Guerre romano-celtiche	Q3417663	12
Libero scambio	Q200435	54
Libertà individuali	Q2674302	8
Nave negriera	Q251355	14
Ortografia della lingua italiana	Q3886299	6
Pittura del Secolo d'oro olandese	Q2352880	32
Prima coniugazione	Q3921587	1
Secondo teorema dell'angolo esterno	Q19985151	1
Soluto	Q1079788	12
Storia dell'urbanistica	Q1569011	18
Accento distintivo sui monosillabi	Q1100446	5
Accusativo	Q146078	57
Concepimento	Q2666904	22
Disuguaglianza	Q28113351	59
Errore statistico	Q12089457	9
Foresta del Congo	Q3079079	10
Formule di duplicazione	Q3748394	1
Fusione perfetta del 1847	Q943326	4
Genere (linguistica)	Q162378	64
Immagine digitale	Q1250322	39
Ipocentro	Q107410	54
Modo (linguistica)	Q184932	47
Norma (scienze sociali)	Q205665	49
Pietro Pomponazzi	Q318787	33
Pirrone	Q192313	48
Proposizione modale	Q3924014	2
Rivoluzione di febbraio	Q101534	65
Rivoluzione tedesca del 1848-1849	Q3699	40
Selezione artificiale	Q995745	51
Società dell'informazione	Q184708	48
Wilhelm Dilthey	Q60080	46
Architettura micenea	Q2694178	5
Astrazione (informatica)	Q224055	29
Complemento di moto per luogo	Q3685158	1
Conquista romana della Spagna	Q2422375	18
Derivazione (linguistica)	Q728001	43
Disputa tra Galileo Galilei e la Chiesa	Q97371599	1
Foresta mediterranea sempreverde	Q3748032	1
Futuro semplice	Q1475560	7
Gentry (classe sociale)	Q844586	22
Medio Regno (Egitto)	Q191324	52
Movimento d'indipendenza indiano	Q12444025	50
Paratiroide	Q650401	63
Rivolte popolari del XIV secolo	Q3938047	7
Scuola toscana	Q3833332	2
Sentimento del tempo	Q3955454	1
Spigolo	Q26382	44
Terrorismo palestinese	Q2342867	13
Arco (geometria)	Q147572	36
Canzoniere	Q11690026	12
Flysch	Q756914	34
Giovanni Battista Della Porta	Q334154	29
Idrocarburi aromatici	Q230731	45
Il Piacere (romanzo)	Q3795119	4
Locativo	Q202142	44
Mattino	Q7722	73
Offensiva della primavera 1945 sul fronte italiano	Q714196	19
Operaismo	Q1109552	12
Presente indicativo	Q56682909	4
Proposizione reggente	Q3924016	1
Proposizione temporale	Q2403074	4
Rappresentazione dei numeri complessi	Q3930272	1
Ricostruzione (Italia)	Q30890756	1
Seconda coniugazione	Q3953977	1
Sedimento	Q180184	57
Soggetto (linguistica)	Q164573	67
Andria (Terenzio)	Q1233645	11
Angolo piatto	Q3617415	9
Bernart de Ventadorn	Q4501	31
Elaborazione dati	Q6661985	31
Epistole (Dante Alighieri)	Q3730666	2
Ereditarietà (informatica)	Q212542	34
Futuro	Q344	66
Inabilitazione	Q3797511	1
Insieme complemento	Q242767	43
Lapillo	Q495423	33
Marsilio da Padova	Q315357	33
Pianta (architettura)	Q18965	28
Rime nuove	Q3935849	1
Sito archeologico	Q839954	48
Terza coniugazione latina	Q20009493	1
Alessandro Verri	Q780989	7
Animalismo	Q2850020	4
Ceramica etrusca	Q3010313	3
Complemento di compagnia o unione	Q3685153	1
Elisione	Q650250	33
Equilibrio meccanico	Q716915	45
Funzione quadratica	Q50695	23
Giamblico	Q310916	41
La malora	Q3822967	1
Origines	Q204058	7
Reagente limitante	Q2704619	13
Relazione binaria	Q130901	39
Rivoluzione ungherese del 1848	Q473716	46
Rivoluzioni del 1848 nell'Impero austriaco	Q690959	24
Rotta delle spezie	Q1778604	30
Simboli europei	Q1123840	17
Tablet PC	Q842936	25
Teoria della calcolabilità	Q818930	37
Teoria delle collisioni	Q907823	23
Alfabetizzazione digitale	Q242069	28
Angolo giro	Q304479	25
Arte babilonese	Q16656295	6
Articolo 36 della Costituzione italiana	Q3624391	1
Campagna dei Balcani	Q162362	36
Complemento di causa	Q3685150	3
Complemento di relazione	Q3685159	1
Consiglio economico e sociale delle Nazioni Unite	Q170075	62
Contestazione	Q273120	45
Francesco Landini	Q311674	31
Frazione algebrica	Q3080284	10
Geminazione consonantica	Q852201	25
Guerra civile romana (306-324)	Q759835	11
Invasioni barbariche del IV secolo	Q15140974	1
Leucippo	Q165589	57
Licenziamento (ordinamento italiano)	Q685744	15
Nuova Frontiera	Q1439991	8
Pietro Longhi	Q447058	26
Presentazione	Q604733	28
Promozione della salute	Q1851928	25
Reagente	Q2356542	46
Rimatori toscani di transizione	Q3935840	1
Sicurezza e vulnerabilità delle reti	Q3960106	1
Sistema tributario	Q1468865	9
Stato di transizione	Q906964	31
Costruttore (informatica)	Q1049476	26
Disseminazione	Q943313	28
Divisione in sillabe	Q11994045	19
Ecologia della popolazione	Q1049866	29
Ente territoriale (Italia)	Q107047419	1
Entscheidungsproblem	Q11030584	18
Ercolano (città antica)	Q24933000	1
Filosofia latina	Q3745515	14
Fonte di produzione	Q3747503	1
Infinitesimo	Q193885	38
Integrazione per sostituzione	Q1071270	27
Iscrizione della catacomba di Commodilla	Q21192549	3
Ormone sessuale	Q422812	42
Scienze economiche	Q8134	124
Seconda coniugazione latina	Q3953978	1
Segretariato delle Nazioni Unite	Q220563	58
Sistema di disequazioni	Q3962179	1
Sottosviluppo	Q2476047	11
Variabile (matematica)	Q50701	71
Aberrazione cromosomica	Q744962	43
Cella elettrochimica	Q80097	30
Commutatività	Q165474	64
Complemento di quantità	Q16543336	1
Divisione dei polinomi	Q1068675	24
Fabbrica	Q83405	85
Nicolas Malebranche	Q309818	38
Pierre Bayle	Q214816	46
Punto medio	Q1645406	27
Riforma della Chiesa dell'XI secolo	Q1605411	3
Roma e le guerre con Equi e Volsci	Q15098088	3
Spazio intergalattico	Q167287	16
Storia dell'industria chimica	Q13420283	2
Teatro mediorientale della prima guerra mondiale	Q1765465	34
Tempo (linguistica)	Q177691	60
Zona umida	Q170321	65
Casa del Popolo	Q1435490	14
Equilibrio (biologia)	Q1530280	15
Ingrandimento	Q675287	31
Jean de Joinville	Q328747	28
Meccanica celeste	Q184274	52
Misurazione	Q12453	95
Offerta di lavoro	Q2717283	5
Opere della giovinezza di Giovanni Boccaccio	Q3884062	1
Overloading	Q1091461	18
Rapporti tra 'ndrangheta e politica	Q3930234	1
Ricordi politici e civili	Q3935126	1
Riflessione (geometria)	Q426221	25
Sismologia	Q83371	71
Antonella Anedda	Q16166477	4
Architettura dei calcolatori	Q173212	48
Architettura greca classica	Q331273	43
Architettura minoica	Q3621603	4
Étienne Bonnot de Condillac	Q272119	40
Evaporite	Q491689	35
Fausto Melotti	Q2357153	4
Forma indeterminata	Q115089	22
Francesco Berni	Q655618	13
Giovanni Pontano	Q714946	15
GNU Octave	Q223679	35
Grande carestia del 1315-1317	Q1988505	35
Legname	Q1370714	39
Metodi di integrazione	Q4291933	5
Proprietà chimica	Q764285	38
Storia della letteratura latina (240 - 78 a.C.)	Q3974136	2
Sul romanticismo	Q3976804	1
Switch (programmazione)	Q838092	16
Teorema di unicità del limite	Q3984062	1
Tesi di Church-Turing	Q309157	32
Windows 10 Mobile	Q18845397	36
Zona di convergenza intertropicale	Q753858	37
Alleanza italo-prussiana	Q2838189	3
Cecilio Stazio	Q350781	24
Commedia togata	Q1390924	13
Disequazione fratta	Q3710003	1
Equiestensione	Q3730901	1
Fonti di cognizione	Q3747514	1
Franco Sacchetti	Q1029676	15
Gestore della memoria	Q3761391	1
Guerra vandalica	Q1136575	28
Louis Sullivan	Q243240	45
Nominativo	Q131105	62
Piega (geologia)	Q81659	53
Posizione	Q192388	45
Proposizione comparativa	Q1780774	3
Pubblica amministrazione dell'Italia	Q15141478	2
Roccia carbonatica	Q777913	18
Storia dell'industria italiana	Q2110225	4
Teatro africano della prima guerra mondiale	Q659991	22
Ago di Buffon	Q1753097	20
Architettura contemporanea	Q186018	22
Architettura greca arcaica	Q3621595	1
Ciclo uterino	Q3676498	1
Cinema delle attrazioni	Q3677192	1
Complemento di moto da luogo	Q3685157	1
Corda (geometria)	Q188191	53
Ente geometrico fondamentale	Q2258559	4
Epoca d'oro islamica	Q745799	59
Equazione algebrica	Q50698	33
Equazione fratta	Q3730872	1
Equilibrio del terrore	Q2272119	17
Guerra civile romana (193-197)	Q243721	37
Identità (matematica)	Q609647	36
Metatesi (chimica)	Q13533728	34
Metodo (programmazione)	Q815844	25
Mezzogiorno (parte del giorno)	Q168182	70
Piccolo mondo moderno	Q3902654	1
Poetica del frammento	Q3906998	1
Quadrante (geometria analitica)	Q3926560	25
Burchiello (poeta)	Q1058842	7
Ciclo del fosforo	Q1140772	25
Comedia delle ninfe fiorentine	Q3684237	3
Diritto sindacale	Q3709150	1
Lucio Accio	Q311287	28
Marco Pacuvio	Q314677	26
Medicina del XIX secolo	Q3853760	1
Parallelismo (geometria)	Q53875	51
Parlamento del Regno di Sardegna	Q3365552	3
Silvia Ballestra	Q3484042	6
App Inventor	Q620620	22
Asse ipotalamo-ipofisi-tiroide	Q1703635	10
Diagramma QAPF	Q1247570	21
Ernesto	Q16323364	8
Illuminismo in Germania	Q3796473	1
Lorenzo Bartolini	Q693288	18
Masuccio Salernitano	Q983263	12
Notazione posizionale	Q1747853	30
Quaestio de aqua et terra	Q3926645	4
Quarta coniugazione latina	Q19819479	1
Radiazione adattativa	Q216818	45
Reazioni di sintesi	Q3931202	1
Solido di rotazione	Q725939	36
Verbo irregolare	Q70235	16
Al-Farabi	Q160460	63
Alleanza sardo-francese	Q2838118	2
Ceramica minoica	Q1937490	12
Concezione romantica della storia	Q3686204	1
Economia dello sviluppo	Q1127188	31
Economia italiana del XIX secolo	Q3718728	2
Forza dissipativa	Q3748907	1
Italia mia, benché 'l parlar sia indarno	Q3804209	1
Melisso di Samo	Q233711	40
Metodo di Gauss-Seidel	Q1069090	25
Neokantismo	Q737560	38
Proposizione strumentale	Q3924022	2
Richard Serra	Q321245	30
Sociobiologia	Q190553	44
Spostamento (cinematica)	Q190291	51
Sviluppo marittimo iberico (1400-1600)	Q5983857	5
Assedio di Pavia (773-774)	Q114717	10
Attrazione modale	Q3629385	1
Attrezzo	Q39546	87
Battista Guarini	Q542039	20
Ciro di Pers	Q3678183	3
Coesistenza pacifica	Q1134177	30
Conquista spagnola dello Yucatán	Q975837	15
Diatesi passiva	Q1194697	30
Egloghe (Dante Alighieri)	Q921273	9
Equazione esponenziale	Q1062932	14
UNICEF	Q740308	87
Geosfera	Q241284	40
Isometria del piano	Q908686	6
Lettre à Monsieur Chauvet sur l'unité de temps et de lieu dans la tragédie	Q3831189	1
Matrimonio (ordinamento italiano)	Q16577084	1
Numerale	Q63116	63
Numero (linguistica)	Q104083	59
Postilla Amiatina	Q3909466	1
Scacchiera di Polibio	Q846324	20
Sistema aperto	Q898312	21
Sistema chiuso	Q1468684	31
Terza coniugazione	Q3984890	1
Carlo Betocchi	Q2246931	6
Disequazione quadratica	Q3154021	3
Dividendo (algebra)	Q683560	2
Equazione trigonometrica	Q3730882	1
Funzione algebrica	Q746863	31
Giovanni di Salisbury	Q264028	25
Governo Cavour I	Q3773812	3
Guerra laconica	Q2073517	19
Guerre ottomano-ungheresi	Q1080711	16
Il Trecentonovelle	Q3792984	2
Meno (matematica)	Q10764194	20
NP (complessità)	Q628036	30
Resto	Q846677	31
Ricchezza nazionale	Q1186690	20
Società della conoscenza	Q3487980	19
Sviluppo software	Q638608	44
Tavola degli integrali indefiniti di funzioni iperboliche	Q484632	32
Algoritmo iterativo	Q5254619	14
Bernardo Dovizi da Bibbiena	Q823002	15
Domanda di lavoro	Q3712790	1
Empiriocriticismo	Q2733908	20
Epistolario	Q2250271	12
Geometria piana	Q3760348	2
Guerre romano-latine	Q737907	25
Natura morta con mele	Q3873325	7
Prodotto (chimica)	Q542929	34
Proposizione esclusiva	Q3924006	1
Simmetria centrale	Q1203075	21
Stato di democrazia classica	Q3968617	1
Storia dell'Unione Sovietica (1985-1991)	Q5409928	17
Trasformazione geometrica piana	Q3997732	1
Vocativo	Q185077	51
Caccia (musica)	Q1024999	9
Collisione continentale	Q2623458	17
Consiglio comunale giovani	Q3687301	1
Diritto informatico	Q977345	26
Enciclopedista	Q744738	32
Giacomo Noventa	Q3762204	1
Il trionfo di Bacco e Arianna	Q16266320	1
Leggi intollerabili	Q1365292	23
Multi-touch	Q390557	35
Neohegelismo	Q264592	13
Oboe sommerso	Q3880609	1
Presente	Q193168	49
Proposizione eccettuativa	Q1385607	3
Proposizione limitativa	Q3924013	1
Scienza dell'atmosfera	Q757520	34
Tavola degli integrali indefiniti di funzioni logaritmiche	Q579486	33
Teatro dell'Asia e del Pacifico della prima guerra mondiale	Q1047682	21
Termologia	Q7783183	9
Umanesimo volgare	Q86670010	1
Berengario di Tours	Q435006	22
Chiesa cattolica alla fine del XIX secolo	Q3667928	1
Cupole romane	Q847797	4
Disgiunzione	Q215382	35
Età traianea e adrianea	Q3734051	1
Persona (linguistica)	Q690940	44
Prezzo di mercato	Q180107	19
Singularia tantum	Q604984	11
Storie fiorentine	Q630832	3
Teorema delle rette parallele	Q3983985	1
Teoria della computazione	Q844718	36
Amorum libri tres	Q3614629	1
Base di dati a oggetti	Q118171	24
Cigola la carrucola del pozzo	Q28669829	1
Delio Tessa	Q1081300	3
Foresta mediterranea decidua	Q3748031	1
Interiezioni latine	Q3799475	2
Passato	Q192630	52
Proposizione relativa latina propria	Q3924020	1
Sicurezza dei sistemi operativi	Q3960105	1
Sospensione del rapporto di lavoro	Q3965152	1
Tutt'or ch'eo dirò "gioi", gioiva cosa	Q15402102	2
Agnolo Firenzuola	Q302218	11
Antonio Pucci (poeta)	Q604448	5
Becchin'amor! - Che vuo', falso tradito?	Q15221996	3
Eustatismo	Q1378741	12
Faccia (geometria)	Q3064117	34
Frase nucleare	Q30894408	1
Lanfranco di Canterbury	Q317098	24
Proposizione avversativa latina	Q3923993	1
Scomparsa	Q3030513	4
Spagna bizantina	Q740522	25
Tavola degli integrali definiti	Q6615800	10
Trasgressione marina	Q301920	34
Videoregistrazione	Q4011409	1
Arte preistorica in Italia	Q3624151	1
Assenza	Q3625580	2
Considerazioni sui Discorsi del Machiavelli	Q3687261	1
Corsa anglo-tedesca agli armamenti navali	Q4763720	16
Disequazione intera	Q17628883	1
Ecologia comportamentale	Q1205637	18
Maschile	Q499327	12
Moto orbitale	Q3866304	2
Pietro Borsieri	Q3388095	2
Plurale	Q146786	54
Politica interna italiana alla fine del XIX secolo	Q3907449	1
Portogallo nell'età delle scoperte	Q1570124	21
Proposizione aggiuntiva	Q65131318	
Ritmo bellunese	Q3937297	3
Acque di superficie	Q752112	35
Appendice alle Operette morali	Q3620859	1
Corte (Medioevo)	Q1550557	35
Diritto d'asilo nell'Unione europea	Q262525	11
Domani	Q3021984	2
Femminile	Q1775415	12
Franco Scataglini	Q3751591	2
Giacomo Lubrano	Q774625	4
Inquisizione portoghese	Q965842	17
Lirica galiziano-portoghese	Q2457695	11
Neorealismo	Q1179737	14
Storia orale	Q558929	32
Diatesi attiva	Q1317831	23
Disequazione esponenziale	Q3710001	1
Equazione logaritmica	Q1122484	2
Ermetismo	Q1195304	3
Espansione della Terra	Q1384267	20
Giusto de' Conti	Q3771771	2
Isolamento sismico	Q16531303	
Mobile Internet Device	Q1140685	17
Regressione marina	Q577185	24
Richard Avenarius	Q76516	35
Sistema di equazioni di secondo grado	Q3962183	2
Storia della Repubblica Italiana	Q2602944	10
Tavola degli integrali indefiniti di funzioni razionali	Q484623	34
Teorema sugli archi congruenti	Q3984067	1
Sovranità territoriale	Q442402	18
Arnold Geulincx	Q316559	23
Colonizzazione dell'Australia	Q5775114	6
Diritto della previdenza sociale in Italia	Q3709090	1
Disequazione trigonometrica	Q3710008	1
Equazione numerica	Q3730878	1
Galleggiante (fisica)	Q50380212	3
Glossario di Monza	Q3772477	1
Ambiente di sviluppo integrato	Q13741	47
Nome numerabile	Q1520033	14
Pierre Charron	Q463846	20
Singolare	Q110786	37
Sollevazione della Grande Polonia (1848)	Q835649	10
Nome massa	Q489168	12
Celio Magno	Q3664263	1
Disequazione logaritmica	Q3710006	1
Henry Moore (pittore)	Q466588	4
Industrializzazione dell'Unione Sovietica	Q15212432	12
iOS	Q48493	82
Protocooperazione	Q953219	12
Rime	Q1209449	7
Satire	Q3473948	3
Integrità referenziale	Q1508721	19
e (costante matematica)	Q82435	74
macOS	Q14116	79
Nome comune	Q3877913	1
Primo teorema dell'angolo esterno	Q5421989	14
Tupla	Q7853556	3
Opere di Giacomo Leopardi#Ad Angelo Mai	Q3884075	1
Articolo (linguistica)#Articoli determinativi	Q103184	69
Articolo (linguistica)#Articoli indeterminativi	Q103184	69
John Dalton#La teoria atomica	Q41284	84